geoid,name,no_internet_pct
27037060744,"Census Tract 607.44, Dakota County, Minnesota",0
27053011704,"Census Tract 117.04, Hennepin County, Minnesota",0
27037060819,"Census Tract 608.19, Dakota County, Minnesota",0
27053023902,"Census Tract 239.02, Hennepin County, Minnesota",0
27123040802,"Census Tract 408.02, Ramsey County, Minnesota",0
27031990000,"Census Tract 9900, Cook County, Minnesota",0
27123980000,"Census Tract 9800, Ramsey County, Minnesota",0
27075990100,"Census Tract 9901, Lake County, Minnesota",0
27163070802,"Census Tract 708.02, Washington County, Minnesota",0
27163070801,"Census Tract 708.01, Washington County, Minnesota",0
27137990100,"Census Tract 9901, St. Louis County, Minnesota",0
27123040703,"Census Tract 407.03, Ramsey County, Minnesota",0.001363884
27003050236,"Census Tract 502.36, Anoka County, Minnesota",0.003759398
27053021601,"Census Tract 216.01, Hennepin County, Minnesota",0.003892833
27053026509,"Census Tract 265.09, Hennepin County, Minnesota",0.00421006
27053027400,"Census Tract 274, Hennepin County, Minnesota",0.004710316
27037060713,"Census Tract 607.13, Dakota County, Minnesota",0.004809344
27053109900,"Census Tract 1099, Hennepin County, Minnesota",0.005863539
27019090501,"Census Tract 905.01, Carver County, Minnesota",0.006117455
27053026202,"Census Tract 262.02, Hennepin County, Minnesota",0.006364922
27163071014,"Census Tract 710.14, Washington County, Minnesota",0.006684173
27037061004,"Census Tract 610.04, Dakota County, Minnesota",0.006688963
27053026205,"Census Tract 262.05, Hennepin County, Minnesota",0.006758833
27003050820,"Census Tract 508.20, Anoka County, Minnesota",0.006819591
27053026823,"Census Tract 268.23, Hennepin County, Minnesota",0.006857413
27139081100,"Census Tract 811, Scott County, Minnesota",0.006859688
27053023100,"Census Tract 231, Hennepin County, Minnesota",0.006885593
27053026613,"Census Tract 266.13, Hennepin County, Minnesota",0.006928645
27163070501,"Census Tract 705.01, Washington County, Minnesota",0.007163324
27019090302,"Census Tract 903.02, Carver County, Minnesota",0.007213364
27123040301,"Census Tract 403.01, Ramsey County, Minnesota",0.007391763
27003050217,"Census Tract 502.17, Anoka County, Minnesota",0.007558331
27163071015,"Census Tract 710.15, Washington County, Minnesota",0.007686622
27053110800,"Census Tract 1108, Hennepin County, Minnesota",0.008194906
27163070103,"Census Tract 701.03, Washington County, Minnesota",0.008257963
27037060816,"Census Tract 608.16, Dakota County, Minnesota",0.008284212
27053105100,"Census Tract 1051, Hennepin County, Minnesota",0.008474576
27003050225,"Census Tract 502.25, Anoka County, Minnesota",0.008586232
27123035100,"Census Tract 351, Ramsey County, Minnesota",0.00861678
27037060825,"Census Tract 608.25, Dakota County, Minnesota",0.008708273
27037061003,"Census Tract 610.03, Dakota County, Minnesota",0.008823529
27053111600,"Census Tract 1116, Hennepin County, Minnesota",0.008846858
27037060814,"Census Tract 608.14, Dakota County, Minnesota",0.008905013
27053027201,"Census Tract 272.01, Hennepin County, Minnesota",0.00890835
27003050237,"Census Tract 502.37, Anoka County, Minnesota",0.0090269
27053101200,"Census Tract 1012, Hennepin County, Minnesota",0.009118541
27003050813,"Census Tract 508.13, Anoka County, Minnesota",0.00937601
27037060907,"Census Tract 609.07, Dakota County, Minnesota",0.009533494
27037060748,"Census Tract 607.48, Dakota County, Minnesota",0.009548611
27123041301,"Census Tract 413.01, Ramsey County, Minnesota",0.009713977
27053027503,"Census Tract 275.03, Hennepin County, Minnesota",0.00978109
27053026609,"Census Tract 266.09, Hennepin County, Minnesota",0.01024735
27003050610,"Census Tract 506.10, Anoka County, Minnesota",0.010279227
27053026611,"Census Tract 266.11, Hennepin County, Minnesota",0.010309278
27003050816,"Census Tract 508.16, Anoka County, Minnesota",0.010324484
27003051001,"Census Tract 510.01, Anoka County, Minnesota",0.01038961
27003050819,"Census Tract 508.19, Anoka County, Minnesota",0.010414453
27037060823,"Census Tract 608.23, Dakota County, Minnesota",0.01055409
27053026403,"Census Tract 264.03, Hennepin County, Minnesota",0.010985658
27037060731,"Census Tract 607.31, Dakota County, Minnesota",0.011296882
27123042504,"Census Tract 425.04, Ramsey County, Minnesota",0.011369789
27015960200,"Census Tract 9602, Brown County, Minnesota",0.011375948
27131070503,"Census Tract 705.03, Rice County, Minnesota",0.011422977
27053027700,"Census Tract 277, Hennepin County, Minnesota",0.011426197
27123040706,"Census Tract 407.06, Ramsey County, Minnesota",0.011625616
27123040504,"Census Tract 405.04, Ramsey County, Minnesota",0.011752938
27123040603,"Census Tract 406.03, Ramsey County, Minnesota",0.011797852
27053026605,"Census Tract 266.05, Hennepin County, Minnesota",0.012178245
27003050504,"Census Tract 505.04, Anoka County, Minnesota",0.012181195
27035951302,"Census Tract 9513.02, Crow Wing County, Minnesota",0.012193113
27053022101,"Census Tract 221.01, Hennepin County, Minnesota",0.012195122
27053026707,"Census Tract 267.07, Hennepin County, Minnesota",0.012301918
27053010600,"Census Tract 106, Hennepin County, Minnesota",0.012354152
27037060730,"Census Tract 607.30, Dakota County, Minnesota",0.012451771
27053026013,"Census Tract 260.13, Hennepin County, Minnesota",0.012510975
27123042401,"Census Tract 424.01, Ramsey County, Minnesota",0.012545657
27003051103,"Census Tract 511.03, Anoka County, Minnesota",0.012597984
27053026302,"Census Tract 263.02, Hennepin County, Minnesota",0.01264334
27003050711,"Census Tract 507.11, Anoka County, Minnesota",0.012734864
27123041800,"Census Tract 418, Ramsey County, Minnesota",0.012765957
27053023802,"Census Tract 238.02, Hennepin County, Minnesota",0.012843382
27003050219,"Census Tract 502.19, Anoka County, Minnesota",0.012995668
27037060734,"Census Tract 607.34, Dakota County, Minnesota",0.013036974
27003050108,"Census Tract 501.08, Anoka County, Minnesota",0.013210798
27163070203,"Census Tract 702.03, Washington County, Minnesota",0.01321335
27003050807,"Census Tract 508.07, Anoka County, Minnesota",0.0132469
27123035000,"Census Tract 350, Ramsey County, Minnesota",0.013400335
27053011800,"Census Tract 118, Hennepin County, Minnesota",0.013510747
27019090800,"Census Tract 908, Carver County, Minnesota",0.013540291
27163070403,"Census Tract 704.03, Washington County, Minnesota",0.013828425
27123035200,"Census Tract 352, Ramsey County, Minnesota",0.013892909
27003050230,"Census Tract 502.30, Anoka County, Minnesota",0.014102032
27163071018,"Census Tract 710.18, Washington County, Minnesota",0.014236767
27139081200,"Census Tract 812, Scott County, Minnesota",0.014254726
27163071016,"Census Tract 710.16, Washington County, Minnesota",0.014412887
27053110500,"Census Tract 1105, Hennepin County, Minnesota",0.014443692
27013170500,"Census Tract 1705, Blue Earth County, Minnesota",0.014502924
27053027504,"Census Tract 275.04, Hennepin County, Minnesota",0.014543339
27053026402,"Census Tract 264.02, Hennepin County, Minnesota",0.014668367
27109001603,"Census Tract 16.03, Olmsted County, Minnesota",0.015057811
27053024100,"Census Tract 241, Hennepin County, Minnesota",0.015119444
27053026505,"Census Tract 265.05, Hennepin County, Minnesota",0.015147265
27145000402,"Census Tract 4.02, Stearns County, Minnesota",0.015315499
27053026708,"Census Tract 267.08, Hennepin County, Minnesota",0.015505197
27109001503,"Census Tract 15.03, Olmsted County, Minnesota",0.015646572
27123037000,"Census Tract 370, Ramsey County, Minnesota",0.015798923
27163070405,"Census Tract 704.05, Washington County, Minnesota",0.015806323
27053026606,"Census Tract 266.06, Hennepin County, Minnesota",0.015854142
27053022902,"Census Tract 229.02, Hennepin County, Minnesota",0.015892421
27037060902,"Census Tract 609.02, Dakota County, Minnesota",0.015892932
27003050710,"Census Tract 507.10, Anoka County, Minnesota",0.016061085
27053111300,"Census Tract 1113, Hennepin County, Minnesota",0.016129032
27037060507,"Census Tract 605.07, Dakota County, Minnesota",0.016407599
27053026716,"Census Tract 267.16, Hennepin County, Minnesota",0.016462389
27053111200,"Census Tract 1112, Hennepin County, Minnesota",0.016483516
27109001203,"Census Tract 12.03, Olmsted County, Minnesota",0.016485384
27053000603,"Census Tract 6.03, Hennepin County, Minnesota",0.016520211
27053108000,"Census Tract 1080, Hennepin County, Minnesota",0.016544118
27003050234,"Census Tract 502.34, Anoka County, Minnesota",0.01659496
27053021900,"Census Tract 219, Hennepin County, Minnesota",0.016632623
27163071017,"Census Tract 710.17, Washington County, Minnesota",0.016724823
27053024901,"Census Tract 249.01, Hennepin County, Minnesota",0.016728625
27053026910,"Census Tract 269.10, Hennepin County, Minnesota",0.016766904
27053108900,"Census Tract 1089, Hennepin County, Minnesota",0.016956716
27163071011,"Census Tract 710.11, Washington County, Minnesota",0.017357763
27131070602,"Census Tract 706.02, Rice County, Minnesota",0.017368421
27123040601,"Census Tract 406.01, Ramsey County, Minnesota",0.017649135
27053021700,"Census Tract 217, Hennepin County, Minnesota",0.01779153
27053026006,"Census Tract 260.06, Hennepin County, Minnesota",0.017851013
27037060728,"Census Tract 607.28, Dakota County, Minnesota",0.017926258
27055020100,"Census Tract 201, Houston County, Minnesota",0.017941125
27123036400,"Census Tract 364, Ramsey County, Minnesota",0.018022657
27053111400,"Census Tract 1114, Hennepin County, Minnesota",0.01804797
27003050222,"Census Tract 502.22, Anoka County, Minnesota",0.018167762
27053111100,"Census Tract 1111, Hennepin County, Minnesota",0.018187067
27053026906,"Census Tract 269.06, Hennepin County, Minnesota",0.01826484
27103480300,"Census Tract 4803, Nicollet County, Minnesota",0.018308081
27163070204,"Census Tract 702.04, Washington County, Minnesota",0.01864319
27053011703,"Census Tract 117.03, Hennepin County, Minnesota",0.01889874
27019090502,"Census Tract 905.02, Carver County, Minnesota",0.018951358
27003050221,"Census Tract 502.21, Anoka County, Minnesota",0.01911967
27163071006,"Census Tract 710.06, Washington County, Minnesota",0.019195046
27123041106,"Census Tract 411.06, Ramsey County, Minnesota",0.019439045
27053026706,"Census Tract 267.06, Hennepin County, Minnesota",0.019673829
27003050712,"Census Tract 507.12, Anoka County, Minnesota",0.019797199
27109001000,"Census Tract 10, Olmsted County, Minnesota",0.01979781
27163070909,"Census Tract 709.09, Washington County, Minnesota",0.019811321
27019090402,"Census Tract 904.02, Carver County, Minnesota",0.01986755
27123033900,"Census Tract 339, Ramsey County, Minnesota",0.020080321
27053026812,"Census Tract 268.12, Hennepin County, Minnesota",0.020313565
27049080102,"Census Tract 801.02, Goodhue County, Minnesota",0.020397669
27019090602,"Census Tract 906.02, Carver County, Minnesota",0.02044293
27037060822,"Census Tract 608.22, Dakota County, Minnesota",0.020603385
27053026822,"Census Tract 268.22, Hennepin County, Minnesota",0.020851624
27053026710,"Census Tract 267.10, Hennepin County, Minnesota",0.021201779
27123030300,"Census Tract 303, Ramsey County, Minnesota",0.021293628
27147960200,"Census Tract 9602, Steele County, Minnesota",0.021336889
27035950900,"Census Tract 9509, Crow Wing County, Minnesota",0.02144873
27139080204,"Census Tract 802.04, Scott County, Minnesota",0.021486124
27037060605,"Census Tract 606.05, Dakota County, Minnesota",0.021526419
27123036600,"Census Tract 366, Ramsey County, Minnesota",0.021582734
27053023700,"Census Tract 237, Hennepin County, Minnesota",0.02162927
27035951200,"Census Tract 9512, Crow Wing County, Minnesota",0.021665538
27163070106,"Census Tract 701.06, Washington County, Minnesota",0.021667855
27163071102,"Census Tract 711.02, Washington County, Minnesota",0.021687782
27003050805,"Census Tract 508.05, Anoka County, Minnesota",0.021774856
27137000700,"Census Tract 7, St. Louis County, Minnesota",0.022071912
27023950400,"Census Tract 9504, Chippewa County, Minnesota",0.022232305
27163071209,"Census Tract 712.09, Washington County, Minnesota",0.022306675
27123040801,"Census Tract 408.01, Ramsey County, Minnesota",0.022454308
27103480501,"Census Tract 4805.01, Nicollet County, Minnesota",0.022616408
27025110600,"Census Tract 1106, Chisago County, Minnesota",0.022671569
27003050229,"Census Tract 502.29, Anoka County, Minnesota",0.02276826
27037061106,"Census Tract 611.06, Dakota County, Minnesota",0.022803488
27123040100,"Census Tract 401, Ramsey County, Minnesota",0.022824919
27053026014,"Census Tract 260.14, Hennepin County, Minnesota",0.022952733
27053022801,"Census Tract 228.01, Hennepin County, Minnesota",0.023311132
27037060717,"Census Tract 607.17, Dakota County, Minnesota",0.023336214
27053020700,"Census Tract 207, Hennepin County, Minnesota",0.023355577
27163070911,"Census Tract 709.11, Washington County, Minnesota",0.023374416
27163071400,"Census Tract 714, Washington County, Minnesota",0.02337982
27037061401,"Census Tract 614.01, Dakota County, Minnesota",0.023380727
27003051201,"Census Tract 512.01, Anoka County, Minnesota",0.023482245
27053022200,"Census Tract 222, Hennepin County, Minnesota",0.023549935
27003050216,"Census Tract 502.16, Anoka County, Minnesota",0.023584906
27119020100,"Census Tract 201, Polk County, Minnesota",0.023660714
27085950400,"Census Tract 9504, McLeod County, Minnesota",0.023718648
27109001703,"Census Tract 17.03, Olmsted County, Minnesota",0.023764617
27171100204,"Census Tract 1002.04, Wright County, Minnesota",0.023804395
27053107600,"Census Tract 1076, Hennepin County, Minnesota",0.023809524
27053024200,"Census Tract 242, Hennepin County, Minnesota",0.023841504
27123036500,"Census Tract 365, Ramsey County, Minnesota",0.02386059
27123040705,"Census Tract 407.05, Ramsey County, Minnesota",0.02386469
27053025401,"Census Tract 254.01, Hennepin County, Minnesota",0.023932426
27053025805,"Census Tract 258.05, Hennepin County, Minnesota",0.02398374
27037061107,"Census Tract 611.07, Dakota County, Minnesota",0.024062055
27053024003,"Census Tract 240.03, Hennepin County, Minnesota",0.024176253
27139080202,"Census Tract 802.02, Scott County, Minnesota",0.024207903
27003050605,"Census Tract 506.05, Anoka County, Minnesota",0.024232082
27137015300,"Census Tract 153, St. Louis County, Minnesota",0.024351676
27137000200,"Census Tract 2, St. Louis County, Minnesota",0.024455857
27037060743,"Census Tract 607.43, Dakota County, Minnesota",0.024463007
27003050233,"Census Tract 502.33, Anoka County, Minnesota",0.024477612
27037060747,"Census Tract 607.47, Dakota County, Minnesota",0.02448635
27163070404,"Census Tract 704.04, Washington County, Minnesota",0.024541532
27123041500,"Census Tract 415, Ramsey County, Minnesota",0.02454507
27053023502,"Census Tract 235.02, Hennepin County, Minnesota",0.024571328
27085950300,"Census Tract 9503, McLeod County, Minnesota",0.024574987
27053026022,"Census Tract 260.22, Hennepin County, Minnesota",0.024606027
27003050215,"Census Tract 502.15, Anoka County, Minnesota",0.024823503
27163071003,"Census Tract 710.03, Washington County, Minnesota",0.024878467
27163070301,"Census Tract 703.01, Washington County, Minnesota",0.024915062
27139081000,"Census Tract 810, Scott County, Minnesota",0.024935004
27003051002,"Census Tract 510.02, Anoka County, Minnesota",0.025074952
27003051400,"Census Tract 514, Anoka County, Minnesota",0.025153245
27037060603,"Census Tract 606.03, Dakota County, Minnesota",0.025175131
27053021400,"Census Tract 214, Hennepin County, Minnesota",0.02520224
27123041700,"Census Tract 417, Ramsey County, Minnesota",0.02520436
27019090900,"Census Tract 909, Carver County, Minnesota",0.025309229
27123036000,"Census Tract 360, Ramsey County, Minnesota",0.025322079
27053021001,"Census Tract 210.01, Hennepin County, Minnesota",0.025345622
27131070100,"Census Tract 701, Rice County, Minnesota",0.025377132
27003050818,"Census Tract 508.18, Anoka County, Minnesota",0.025462963
27123041104,"Census Tract 411.04, Ramsey County, Minnesota",0.025484566
27137001100,"Census Tract 11, St. Louis County, Minnesota",0.025579536
27053008100,"Census Tract 81, Hennepin County, Minnesota",0.025672372
27053024006,"Census Tract 240.06, Hennepin County, Minnesota",0.025726536
27053021504,"Census Tract 215.04, Hennepin County, Minnesota",0.025743707
27003050210,"Census Tract 502.10, Anoka County, Minnesota",0.025761704
27171100900,"Census Tract 1009, Wright County, Minnesota",0.026084569
27163070906,"Census Tract 709.06, Washington County, Minnesota",0.026158445
27123043000,"Census Tract 430, Ramsey County, Minnesota",0.026182294
27147960700,"Census Tract 9607, Steele County, Minnesota",0.026223415
27123032300,"Census Tract 323, Ramsey County, Minnesota",0.026253687
27123030900,"Census Tract 309, Ramsey County, Minnesota",0.026327434
27053026005,"Census Tract 260.05, Hennepin County, Minnesota",0.026328862
27137000100,"Census Tract 1, St. Louis County, Minnesota",0.026414212
27131070504,"Census Tract 705.04, Rice County, Minnesota",0.026420738
27053026015,"Census Tract 260.15, Hennepin County, Minnesota",0.026517274
27053023600,"Census Tract 236, Hennepin County, Minnesota",0.026606955
27037060826,"Census Tract 608.26, Dakota County, Minnesota",0.026830203
27053022301,"Census Tract 223.01, Hennepin County, Minnesota",0.026942075
27019090702,"Census Tract 907.02, Carver County, Minnesota",0.026966292
27123042102,"Census Tract 421.02, Ramsey County, Minnesota",0.026997123
27053023501,"Census Tract 235.01, Hennepin County, Minnesota",0.026998962
27025110402,"Census Tract 1104.02, Chisago County, Minnesota",0.027077305
27053023903,"Census Tract 239.03, Hennepin County, Minnesota",0.027160494
27053020102,"Census Tract 201.02, Hennepin County, Minnesota",0.027280859
27037061008,"Census Tract 610.08, Dakota County, Minnesota",0.027358491
27123037601,"Census Tract 376.01, Ramsey County, Minnesota",0.027483124
27123042503,"Census Tract 425.03, Ramsey County, Minnesota",0.027726433
27019090401,"Census Tract 904.01, Carver County, Minnesota",0.027754695
27123040803,"Census Tract 408.03, Ramsey County, Minnesota",0.027771455
27037060716,"Census Tract 607.16, Dakota County, Minnesota",0.027792916
27039950100,"Census Tract 9501, Dodge County, Minnesota",0.027948194
27053026908,"Census Tract 269.08, Hennepin County, Minnesota",0.028115016
27109000600,"Census Tract 6, Olmsted County, Minnesota",0.028147163
27053122500,"Census Tract 1225, Hennepin County, Minnesota",0.028250216
27003050902,"Census Tract 509.02, Anoka County, Minnesota",0.028259992
27171101000,"Census Tract 1010, Wright County, Minnesota",0.02830404
27037060202,"Census Tract 602.02, Dakota County, Minnesota",0.028360049
27053106500,"Census Tract 1065, Hennepin County, Minnesota",0.028522672
27123030703,"Census Tract 307.03, Ramsey County, Minnesota",0.028526855
27003050109,"Census Tract 501.09, Anoka County, Minnesota",0.028582103
27119020600,"Census Tract 206, Polk County, Minnesota",0.028589058
27163070502,"Census Tract 705.02, Washington County, Minnesota",0.028606658
27139080205,"Census Tract 802.05, Scott County, Minnesota",0.0286174
27131070800,"Census Tract 708, Rice County, Minnesota",0.02865443
27139080905,"Census Tract 809.05, Scott County, Minnesota",0.028664871
27161790200,"Census Tract 7902, Waseca County, Minnesota",0.028665029
27123041601,"Census Tract 416.01, Ramsey County, Minnesota",0.02875502
27013170200,"Census Tract 1702, Blue Earth County, Minnesota",0.02879494
27139081300,"Census Tract 813, Scott County, Minnesota",0.028808536
27053111500,"Census Tract 1115, Hennepin County, Minnesota",0.029117035
27053025802,"Census Tract 258.02, Hennepin County, Minnesota",0.029117775
27053026301,"Census Tract 263.01, Hennepin County, Minnesota",0.029189189
27053110100,"Census Tract 1101, Hennepin County, Minnesota",0.029229083
27163071013,"Census Tract 710.13, Washington County, Minnesota",0.029234916
27163071300,"Census Tract 713, Washington County, Minnesota",0.029258293
27109000901,"Census Tract 9.01, Olmsted County, Minnesota",0.029286649
27123041900,"Census Tract 419, Ramsey County, Minnesota",0.029292343
27003050808,"Census Tract 508.08, Anoka County, Minnesota",0.029315961
27013170800,"Census Tract 1708, Blue Earth County, Minnesota",0.02934031
27157490100,"Census Tract 4901, Wabasha County, Minnesota",0.029553011
27053000601,"Census Tract 6.01, Hennepin County, Minnesota",0.029625026
27037060732,"Census Tract 607.32, Dakota County, Minnesota",0.02981778
27003050224,"Census Tract 502.24, Anoka County, Minnesota",0.029833943
27131070901,"Census Tract 709.01, Rice County, Minnesota",0.029837413
27027030106,"Census Tract 301.06, Clay County, Minnesota",0.029945999
27141030504,"Census Tract 305.04, Sherburne County, Minnesota",0.030001948
27163071206,"Census Tract 712.06, Washington County, Minnesota",0.030006404
27003050220,"Census Tract 502.20, Anoka County, Minnesota",0.030012167
27053106600,"Census Tract 1066, Hennepin County, Minnesota",0.030095238
27139080903,"Census Tract 809.03, Scott County, Minnesota",0.030123284
27003050235,"Census Tract 502.35, Anoka County, Minnesota",0.030135088
27153790100,"Census Tract 7901, Todd County, Minnesota",0.030171073
27053025905,"Census Tract 259.05, Hennepin County, Minnesota",0.030232558
27037060742,"Census Tract 607.42, Dakota County, Minnesota",0.030258084
27003050227,"Census Tract 502.27, Anoka County, Minnesota",0.030290011
27053025701,"Census Tract 257.01, Hennepin County, Minnesota",0.030388693
27109001202,"Census Tract 12.02, Olmsted County, Minnesota",0.030409992
27123034500,"Census Tract 345, Ramsey County, Minnesota",0.030530873
27003050228,"Census Tract 502.28, Anoka County, Minnesota",0.030558276
27053110400,"Census Tract 1104, Hennepin County, Minnesota",0.030567686
27123041105,"Census Tract 411.05, Ramsey County, Minnesota",0.030612245
27053026018,"Census Tract 260.18, Hennepin County, Minnesota",0.030613621
27163070701,"Census Tract 707.01, Washington County, Minnesota",0.030674847
27053026206,"Census Tract 262.06, Hennepin County, Minnesota",0.030751378
27003050806,"Census Tract 508.06, Anoka County, Minnesota",0.030914826
27037060729,"Census Tract 607.29, Dakota County, Minnesota",0.030973451
27137003000,"Census Tract 30, St. Louis County, Minnesota",0.031051517
27013171300,"Census Tract 1713, Blue Earth County, Minnesota",0.031089414
27163071001,"Census Tract 710.01, Washington County, Minnesota",0.031230481
27163071012,"Census Tract 710.12, Washington County, Minnesota",0.031365314
27163070206,"Census Tract 702.06, Washington County, Minnesota",0.031413613
27163070105,"Census Tract 701.05, Washington County, Minnesota",0.031458532
27037060806,"Census Tract 608.06, Dakota County, Minnesota",0.031490897
27053022102,"Census Tract 221.02, Hennepin County, Minnesota",0.031548056
27019090701,"Census Tract 907.01, Carver County, Minnesota",0.031577394
27109000903,"Census Tract 9.03, Olmsted County, Minnesota",0.031684449
27003050226,"Census Tract 502.26, Anoka County, Minnesota",0.031822565
27053021300,"Census Tract 213, Hennepin County, Minnesota",0.031838856
27025110302,"Census Tract 1103.02, Chisago County, Minnesota",0.032014448
27053026713,"Census Tract 267.13, Hennepin County, Minnesota",0.032083145
27163070601,"Census Tract 706.01, Washington County, Minnesota",0.032142857
27053026208,"Census Tract 262.08, Hennepin County, Minnesota",0.032203958
27037061501,"Census Tract 615.01, Dakota County, Minnesota",0.0324
27053026201,"Census Tract 262.01, Hennepin County, Minnesota",0.032662584
27003050602,"Census Tract 506.02, Anoka County, Minnesota",0.032742681
27053025301,"Census Tract 253.01, Hennepin County, Minnesota",0.033042157
27037060906,"Census Tract 609.06, Dakota County, Minnesota",0.033136095
27123036100,"Census Tract 361, Ramsey County, Minnesota",0.033158813
27053022000,"Census Tract 220, Hennepin County, Minnesota",0.033183352
27123042402,"Census Tract 424.02, Ramsey County, Minnesota",0.033262562
27037060604,"Census Tract 606.04, Dakota County, Minnesota",0.033304622
27037061007,"Census Tract 610.07, Dakota County, Minnesota",0.033367662
27053027002,"Census Tract 270.02, Hennepin County, Minnesota",0.033514493
27003050208,"Census Tract 502.08, Anoka County, Minnesota",0.033559023
27109001701,"Census Tract 17.01, Olmsted County, Minnesota",0.03359279
27053026021,"Census Tract 260.21, Hennepin County, Minnesota",0.033639884
27161790100,"Census Tract 7901, Waseca County, Minnesota",0.033685969
27053026715,"Census Tract 267.15, Hennepin County, Minnesota",0.033728919
27037060813,"Census Tract 608.13, Dakota County, Minnesota",0.033879036
27037060812,"Census Tract 608.12, Dakota County, Minnesota",0.034042553
27003051305,"Census Tract 513.05, Anoka County, Minnesota",0.034200969
27053109800,"Census Tract 1098, Hennepin County, Minnesota",0.034302049
27053100500,"Census Tract 1005, Hennepin County, Minnesota",0.034413965
27137015700,"Census Tract 157, St. Louis County, Minnesota",0.034520548
27009020203,"Census Tract 202.03, Benton County, Minnesota",0.034535104
27053021505,"Census Tract 215.05, Hennepin County, Minnesota",0.03458752
27163070104,"Census Tract 701.04, Washington County, Minnesota",0.034696406
27123036900,"Census Tract 369, Ramsey County, Minnesota",0.034706155
27157490300,"Census Tract 4903, Wabasha County, Minnesota",0.034940945
27093560300,"Census Tract 5603, Meeker County, Minnesota",0.034968979
27139080201,"Census Tract 802.01, Scott County, Minnesota",0.035069444
27003050232,"Census Tract 502.32, Anoka County, Minnesota",0.035083291
27053024300,"Census Tract 243, Hennepin County, Minnesota",0.035113235
27053027101,"Census Tract 271.01, Hennepin County, Minnesota",0.035173706
27157490600,"Census Tract 4906, Wabasha County, Minnesota",0.035215543
27019091202,"Census Tract 912.02, Carver County, Minnesota",0.035266192
27037060301,"Census Tract 603.01, Dakota County, Minnesota",0.035408209
27171100300,"Census Tract 1003, Wright County, Minnesota",0.035411471
27041451000,"Census Tract 4510, Douglas County, Minnesota",0.035514854
27053026207,"Census Tract 262.07, Hennepin County, Minnesota",0.035546262
27163070907,"Census Tract 709.07, Washington County, Minnesota",0.03587963
27037060721,"Census Tract 607.21, Dakota County, Minnesota",0.03591059
27003050821,"Census Tract 508.21, Anoka County, Minnesota",0.035925613
27037061105,"Census Tract 611.05, Dakota County, Minnesota",0.035986452
27123041103,"Census Tract 411.03, Ramsey County, Minnesota",0.03618121
27137000900,"Census Tract 9, St. Louis County, Minnesota",0.036235955
27109001402,"Census Tract 14.02, Olmsted County, Minnesota",0.036403472
27037060201,"Census Tract 602.01, Dakota County, Minnesota",0.03652968
27171100801,"Census Tract 1008.01, Wright County, Minnesota",0.036569718
27169670300,"Census Tract 6703, Winona County, Minnesota",0.036614258
27123041002,"Census Tract 410.02, Ramsey County, Minnesota",0.036729858
27037060103,"Census Tract 601.03, Dakota County, Minnesota",0.036773428
27053026612,"Census Tract 266.12, Hennepin County, Minnesota",0.036981415
27053026101,"Census Tract 261.01, Hennepin County, Minnesota",0.037070524
27053026104,"Census Tract 261.04, Hennepin County, Minnesota",0.037072019
27037060828,"Census Tract 608.28, Dakota County, Minnesota",0.0371383
27063480400,"Census Tract 4804, Jackson County, Minnesota",0.037304075
27171100703,"Census Tract 1007.03, Wright County, Minnesota",0.037563452
27145000801,"Census Tract 8.01, Stearns County, Minnesota",0.037605766
27053026512,"Census Tract 265.12, Hennepin County, Minnesota",0.037643778
27053025906,"Census Tract 259.06, Hennepin County, Minnesota",0.037813791
27003050223,"Census Tract 502.23, Anoka County, Minnesota",0.037828947
27053026714,"Census Tract 267.14, Hennepin County, Minnesota",0.037881793
27163070304,"Census Tract 703.04, Washington County, Minnesota",0.037881874
27035951301,"Census Tract 9513.01, Crow Wing County, Minnesota",0.037910699
27091790500,"Census Tract 7905, Martin County, Minnesota",0.037932251
27067780400,"Census Tract 7804, Kandiyohi County, Minnesota",0.038024822
27123041200,"Census Tract 412, Ramsey County, Minnesota",0.038145101
27123037100,"Census Tract 371, Ramsey County, Minnesota",0.038166311
27137000500,"Census Tract 5, St. Louis County, Minnesota",0.038290294
27163071010,"Census Tract 710.10, Washington County, Minnesota",0.038376974
27169670200,"Census Tract 6702, Winona County, Minnesota",0.038544558
27137012600,"Census Tract 126, St. Louis County, Minnesota",0.038693572
27123030201,"Census Tract 302.01, Ramsey County, Minnesota",0.038764511
27141030502,"Census Tract 305.02, Sherburne County, Minnesota",0.038780467
27053020902,"Census Tract 209.02, Hennepin County, Minnesota",0.039066008
27053026103,"Census Tract 261.03, Hennepin County, Minnesota",0.03926513
27049080700,"Census Tract 807, Goodhue County, Minnesota",0.039306358
27053021800,"Census Tract 218, Hennepin County, Minnesota",0.039308855
27123037403,"Census Tract 374.03, Ramsey County, Minnesota",0.039366647
27109002300,"Census Tract 23, Olmsted County, Minnesota",0.039392906
27017070100,"Census Tract 701, Carlton County, Minnesota",0.039400346
27053026711,"Census Tract 267.11, Hennepin County, Minnesota",0.03957529
27075370100,"Census Tract 3701, Lake County, Minnesota",0.039675581
27109001100,"Census Tract 11, Olmsted County, Minnesota",0.039729253
27037060606,"Census Tract 606.06, Dakota County, Minnesota",0.039739884
27147960300,"Census Tract 9603, Steele County, Minnesota",0.039782106
27139080600,"Census Tract 806, Scott County, Minnesota",0.039897698
27053024700,"Census Tract 247, Hennepin County, Minnesota",0.039911308
27123034900,"Census Tract 349, Ramsey County, Minnesota",0.040059903
27171100802,"Census Tract 1008.02, Wright County, Minnesota",0.040104682
27123034000,"Census Tract 340, Ramsey County, Minnesota",0.040123457
27131070501,"Census Tract 705.01, Rice County, Minnesota",0.040151157
27037060818,"Census Tract 608.18, Dakota County, Minnesota",0.04040664
27171100701,"Census Tract 1007.01, Wright County, Minnesota",0.040556393
27053110900,"Census Tract 1109, Hennepin County, Minnesota",0.040901008
27055020300,"Census Tract 203, Houston County, Minnesota",0.040940413
27123035800,"Census Tract 358, Ramsey County, Minnesota",0.041031653
27047180700,"Census Tract 1807, Freeborn County, Minnesota",0.04107934
27037060402,"Census Tract 604.02, Dakota County, Minnesota",0.041088127
27131070902,"Census Tract 709.02, Rice County, Minnesota",0.041107872
27163071207,"Census Tract 712.07, Washington County, Minnesota",0.041195823
27083360300,"Census Tract 3603, Lyon County, Minnesota",0.041252073
27123034602,"Census Tract 346.02, Ramsey County, Minnesota",0.041263701
27123041302,"Census Tract 413.02, Ramsey County, Minnesota",0.041312628
27019091100,"Census Tract 911, Carver County, Minnesota",0.041323529
27013170400,"Census Tract 1704, Blue Earth County, Minnesota",0.041455161
27003051203,"Census Tract 512.03, Anoka County, Minnesota",0.041535226
27037060714,"Census Tract 607.14, Dakota County, Minnesota",0.041564792
27053107500,"Census Tract 1075, Hennepin County, Minnesota",0.041578947
27037060821,"Census Tract 608.21, Dakota County, Minnesota",0.041589306
27053026712,"Census Tract 267.12, Hennepin County, Minnesota",0.041617122
27003050704,"Census Tract 507.04, Anoka County, Minnesota",0.041756815
27009020300,"Census Tract 203, Benton County, Minnesota",0.041760722
27053027601,"Census Tract 276.01, Hennepin County, Minnesota",0.041772152
27039950200,"Census Tract 9502, Dodge County, Minnesota",0.041799852
27007450701,"Census Tract 4507.01, Beltrami County, Minnesota",0.041879252
27137013300,"Census Tract 133, St. Louis County, Minnesota",0.041890744
27053026510,"Census Tract 265.10, Hennepin County, Minnesota",0.041911148
27103480400,"Census Tract 4804, Nicollet County, Minnesota",0.041985816
27025110502,"Census Tract 1105.02, Chisago County, Minnesota",0.042090657
27037060738,"Census Tract 607.38, Dakota County, Minnesota",0.042150275
27141030200,"Census Tract 302, Sherburne County, Minnesota",0.042179968
27139080904,"Census Tract 809.04, Scott County, Minnesota",0.042202522
27053007700,"Census Tract 77, Hennepin County, Minnesota",0.042256791
27037060824,"Census Tract 608.24, Dakota County, Minnesota",0.042257598
27053000300,"Census Tract 3, Hennepin County, Minnesota",0.042424242
27053109000,"Census Tract 1090, Hennepin County, Minnesota",0.042491269
27057070100,"Census Tract 701, Hubbard County, Minnesota",0.042557652
27053022400,"Census Tract 224, Hennepin County, Minnesota",0.042616721
27061480700,"Census Tract 4807, Itasca County, Minnesota",0.042679191
27137010400,"Census Tract 104, St. Louis County, Minnesota",0.042747221
27147960600,"Census Tract 9606, Steele County, Minnesota",0.042802548
27037061402,"Census Tract 614.02, Dakota County, Minnesota",0.042860831
27039950400,"Census Tract 9504, Dodge County, Minnesota",0.042892494
27059130600,"Census Tract 1306, Isanti County, Minnesota",0.042909471
27137014100,"Census Tract 141, St. Louis County, Minnesota",0.042966043
27037061102,"Census Tract 611.02, Dakota County, Minnesota",0.043030442
27053027202,"Census Tract 272.02, Hennepin County, Minnesota",0.04307869
27123030202,"Census Tract 302.02, Ramsey County, Minnesota",0.043084877
27053024801,"Census Tract 248.01, Hennepin County, Minnesota",0.043092522
27037060817,"Census Tract 608.17, Dakota County, Minnesota",0.043094387
27053025903,"Census Tract 259.03, Hennepin County, Minnesota",0.043125755
27037060820,"Census Tract 608.20, Dakota County, Minnesota",0.043188967
27019090601,"Census Tract 906.01, Carver County, Minnesota",0.043318817
27141030300,"Census Tract 303, Sherburne County, Minnesota",0.043342637
27019091000,"Census Tract 910, Carver County, Minnesota",0.043466249
27123040401,"Census Tract 404.01, Ramsey County, Minnesota",0.043514412
27109001501,"Census Tract 15.01, Olmsted County, Minnesota",0.043623044
27141030402,"Census Tract 304.02, Sherburne County, Minnesota",0.043672199
27035950400,"Census Tract 9504, Crow Wing County, Minnesota",0.043680297
27053010700,"Census Tract 107, Hennepin County, Minnesota",0.043804262
27073180200,"Census Tract 1802, Lac qui Parle County, Minnesota",0.043864849
27123042602,"Census Tract 426.02, Ramsey County, Minnesota",0.043928719
27053012003,"Census Tract 120.03, Hennepin County, Minnesota",0.043942577
27053122600,"Census Tract 1226, Hennepin County, Minnesota",0.044008715
27163070910,"Census Tract 709.10, Washington County, Minnesota",0.044162129
27139080500,"Census Tract 805, Scott County, Minnesota",0.044174489
27085950200,"Census Tract 9502, McLeod County, Minnesota",0.044324058
27053027102,"Census Tract 271.02, Hennepin County, Minnesota",0.044329004
27053026610,"Census Tract 266.10, Hennepin County, Minnesota",0.044344321
27145010101,"Census Tract 101.01, Stearns County, Minnesota",0.044373348
27003050606,"Census Tract 506.06, Anoka County, Minnesota",0.044380403
27037061009,"Census Tract 610.09, Dakota County, Minnesota",0.044444444
27079950500,"Census Tract 9505, Le Sueur County, Minnesota",0.044553301
27123035700,"Census Tract 357, Ramsey County, Minnesota",0.044690447
27053012001,"Census Tract 120.01, Hennepin County, Minnesota",0.044768526
27053024500,"Census Tract 245, Hennepin County, Minnesota",0.045049063
27109000400,"Census Tract 4, Olmsted County, Minnesota",0.045092025
27053022901,"Census Tract 229.01, Hennepin County, Minnesota",0.045120457
27163071101,"Census Tract 711.01, Washington County, Minnesota",0.045217868
27059130501,"Census Tract 1305.01, Isanti County, Minnesota",0.045258621
27053025803,"Census Tract 258.03, Hennepin County, Minnesota",0.045266178
27113090200,"Census Tract 902, Pennington County, Minnesota",0.045287187
27137000600,"Census Tract 6, St. Louis County, Minnesota",0.045311269
27053020301,"Census Tract 203.01, Hennepin County, Minnesota",0.0453125
27013170100,"Census Tract 1701, Blue Earth County, Minnesota",0.045363308
27003051600,"Census Tract 516, Anoka County, Minnesota",0.045479963
27109001601,"Census Tract 16.01, Olmsted County, Minnesota",0.045574478
27021960801,"Census Tract 9608.01, Cass County, Minnesota",0.045654083
27037060505,"Census Tract 605.05, Dakota County, Minnesota",0.045678383
27013170600,"Census Tract 1706, Blue Earth County, Minnesota",0.04570185
27123030100,"Census Tract 301, Ramsey County, Minnesota",0.045930357
27163070205,"Census Tract 702.05, Washington County, Minnesota",0.045948617
27119020300,"Census Tract 203, Polk County, Minnesota",0.045977011
27123040503,"Census Tract 405.03, Ramsey County, Minnesota",0.045980032
27019090503,"Census Tract 905.03, Carver County, Minnesota",0.045990566
27037060508,"Census Tract 605.08, Dakota County, Minnesota",0.046034112
27147960500,"Census Tract 9605, Steele County, Minnesota",0.046103183
27099000600,"Census Tract 6, Mower County, Minnesota",0.046144317
27109001302,"Census Tract 13.02, Olmsted County, Minnesota",0.046270718
27123040604,"Census Tract 406.04, Ramsey County, Minnesota",0.046389726
27137003700,"Census Tract 37, St. Louis County, Minnesota",0.046446818
27053026907,"Census Tract 269.07, Hennepin County, Minnesota",0.046696035
27019090100,"Census Tract 901, Carver County, Minnesota",0.046790541
27123032200,"Census Tract 322, Ramsey County, Minnesota",0.04679803
27049080400,"Census Tract 804, Goodhue County, Minnesota",0.04684466
27109002200,"Census Tract 22, Olmsted County, Minnesota",0.046971865
27053110200,"Census Tract 1102, Hennepin County, Minnesota",0.04706566
27039950300,"Census Tract 9503, Dodge County, Minnesota",0.047068209
27037061001,"Census Tract 610.01, Dakota County, Minnesota",0.047262397
27017070300,"Census Tract 703, Carlton County, Minnesota",0.047328244
27139080400,"Census Tract 804, Scott County, Minnesota",0.047370914
27085950100,"Census Tract 9501, McLeod County, Minnesota",0.047465961
27137000400,"Census Tract 4, St. Louis County, Minnesota",0.047485431
27109001301,"Census Tract 13.01, Olmsted County, Minnesota",0.047562426
27145000901,"Census Tract 9.01, Stearns County, Minnesota",0.047585227
27145000302,"Census Tract 3.02, Stearns County, Minnesota",0.047798185
27019090200,"Census Tract 902, Carver County, Minnesota",0.047841021
27071790300,"Census Tract 7903, Koochiching County, Minnesota",0.047856431
27003050107,"Census Tract 501.07, Anoka County, Minnesota",0.047874241
27123035300,"Census Tract 353, Ramsey County, Minnesota",0.047904192
27053126200,"Census Tract 1262, Hennepin County, Minnesota",0.047905282
27015960400,"Census Tract 9604, Brown County, Minnesota",0.04797219
27109000300,"Census Tract 3, Olmsted County, Minnesota",0.047976501
27123037500,"Census Tract 375, Ramsey County, Minnesota",0.048013884
27037061005,"Census Tract 610.05, Dakota County, Minnesota",0.048187973
27055020900,"Census Tract 209, Houston County, Minnesota",0.048206278
27037060733,"Census Tract 607.33, Dakota County, Minnesota",0.048214751
27037061108,"Census Tract 611.08, Dakota County, Minnesota",0.048465775
27169670800,"Census Tract 6708, Winona County, Minnesota",0.048631334
27067780600,"Census Tract 7806, Kandiyohi County, Minnesota",0.048736097
27059130301,"Census Tract 1303.01, Isanti County, Minnesota",0.048884404
27139080800,"Census Tract 808, Scott County, Minnesota",0.048900048
27053103600,"Census Tract 1036, Hennepin County, Minnesota",0.048984996
27145010200,"Census Tract 102, Stearns County, Minnesota",0.04914966
27123034702,"Census Tract 347.02, Ramsey County, Minnesota",0.049172463
27053026507,"Census Tract 265.07, Hennepin County, Minnesota",0.0492276
27139080302,"Census Tract 803.02, Scott County, Minnesota",0.049290272
27163070303,"Census Tract 703.03, Washington County, Minnesota",0.049338147
27053109300,"Census Tract 1093, Hennepin County, Minnesota",0.049367704
27137001800,"Census Tract 18, St. Louis County, Minnesota",0.049375709
27005450400,"Census Tract 4504, Becker County, Minnesota",0.049382716
27053026820,"Census Tract 268.20, Hennepin County, Minnesota",0.049529886
27035950204,"Census Tract 9502.04, Crow Wing County, Minnesota",0.049649905
27057070300,"Census Tract 703, Hubbard County, Minnesota",0.0500516
27035950700,"Census Tract 9507, Crow Wing County, Minnesota",0.050088867
27037060815,"Census Tract 608.15, Dakota County, Minnesota",0.050144648
27131070200,"Census Tract 702, Rice County, Minnesota",0.050182482
27079950600,"Census Tract 9506, Le Sueur County, Minnesota",0.050209205
27137002000,"Census Tract 20, St. Louis County, Minnesota",0.050326188
27037060735,"Census Tract 607.35, Dakota County, Minnesota",0.050353029
27053021602,"Census Tract 216.02, Hennepin County, Minnesota",0.05035461
27005450200,"Census Tract 4502, Becker County, Minnesota",0.050672646
27053027300,"Census Tract 273, Hennepin County, Minnesota",0.050748938
27037060829,"Census Tract 608.29, Dakota County, Minnesota",0.050872523
27137010200,"Census Tract 102, St. Louis County, Minnesota",0.050890585
27123042601,"Census Tract 426.01, Ramsey County, Minnesota",0.050929669
27003050811,"Census Tract 508.11, Anoka County, Minnesota",0.051074322
27123042301,"Census Tract 423.01, Ramsey County, Minnesota",0.051119278
27163070602,"Census Tract 706.02, Washington County, Minnesota",0.051202961
27053023000,"Census Tract 230, Hennepin County, Minnesota",0.051559516
27037060739,"Census Tract 607.39, Dakota County, Minnesota",0.051617594
27027030104,"Census Tract 301.04, Clay County, Minnesota",0.051667977
27123030702,"Census Tract 307.02, Ramsey County, Minnesota",0.051684533
27123036700,"Census Tract 367, Ramsey County, Minnesota",0.051693405
27123040302,"Census Tract 403.02, Ramsey County, Minnesota",0.051845018
27091790300,"Census Tract 7903, Martin County, Minnesota",0.052105949
27041450500,"Census Tract 4505, Douglas County, Minnesota",0.05211498
27003050218,"Census Tract 502.18, Anoka County, Minnesota",0.052283465
27053011000,"Census Tract 110, Hennepin County, Minnesota",0.052331887
27109000902,"Census Tract 9.02, Olmsted County, Minnesota",0.052370452
27053026404,"Census Tract 264.04, Hennepin County, Minnesota",0.052524128
27011950200,"Census Tract 9502, Big Stone County, Minnesota",0.052631579
27005450700,"Census Tract 4507, Becker County, Minnesota",0.052631579
27171101300,"Census Tract 1013, Wright County, Minnesota",0.052685318
27053023801,"Census Tract 238.01, Hennepin County, Minnesota",0.052709725
27053102500,"Census Tract 1025, Hennepin County, Minnesota",0.052805281
27053026514,"Census Tract 265.14, Hennepin County, Minnesota",0.052893591
27099000200,"Census Tract 2, Mower County, Minnesota",0.052904564
27083360200,"Census Tract 3602, Lyon County, Minnesota",0.052906798
27137002400,"Census Tract 24, St. Louis County, Minnesota",0.052919708
27169670600,"Census Tract 6706, Winona County, Minnesota",0.052950076
27049080300,"Census Tract 803, Goodhue County, Minnesota",0.053058024
27163070912,"Census Tract 709.12, Washington County, Minnesota",0.053117783
27013170300,"Census Tract 1703, Blue Earth County, Minnesota",0.053355155
27123040901,"Census Tract 409.01, Ramsey County, Minnesota",0.053563111
27053021200,"Census Tract 212, Hennepin County, Minnesota",0.053587245
27053027602,"Census Tract 276.02, Hennepin County, Minnesota",0.053643354
27147960100,"Census Tract 9601, Steele County, Minnesota",0.053774351
27145011304,"Census Tract 113.04, Stearns County, Minnesota",0.053880177
27169670900,"Census Tract 6709, Winona County, Minnesota",0.05413929
27037060302,"Census Tract 603.02, Dakota County, Minnesota",0.054151625
27049080900,"Census Tract 809, Goodhue County, Minnesota",0.054239073
27037060811,"Census Tract 608.11, Dakota County, Minnesota",0.054251332
27097780700,"Census Tract 7807, Morrison County, Minnesota",0.05426028
27123041001,"Census Tract 410.01, Ramsey County, Minnesota",0.054265903
27123042001,"Census Tract 420.01, Ramsey County, Minnesota",0.054511278
27053023200,"Census Tract 232, Hennepin County, Minnesota",0.054515327
27019090301,"Census Tract 903.01, Carver County, Minnesota",0.05458951
27123042900,"Census Tract 429, Ramsey County, Minnesota",0.05476621
27157490500,"Census Tract 4905, Wabasha County, Minnesota",0.054794521
27123031701,"Census Tract 317.01, Ramsey County, Minnesota",0.054871965
27037060905,"Census Tract 609.05, Dakota County, Minnesota",0.055008363
27151960300,"Census Tract 9603, Swift County, Minnesota",0.055056852
27053011998,"Census Tract 119.98, Hennepin County, Minnesota",0.055056997
27053106700,"Census Tract 1067, Hennepin County, Minnesota",0.055066079
27119020200,"Census Tract 202, Polk County, Minnesota",0.055155875
27083360600,"Census Tract 3606, Lyon County, Minnesota",0.055170021
27037060709,"Census Tract 607.09, Dakota County, Minnesota",0.055322862
27053026909,"Census Tract 269.09, Hennepin County, Minnesota",0.055847076
27037060506,"Census Tract 605.06, Dakota County, Minnesota",0.056113744
27103480100,"Census Tract 4801, Nicollet County, Minnesota",0.05613616
27109000200,"Census Tract 2, Olmsted County, Minnesota",0.056169637
27109001900,"Census Tract 19, Olmsted County, Minnesota",0.056256713
27003050110,"Census Tract 501.10, Anoka County, Minnesota",0.056301268
27123040707,"Census Tract 407.07, Ramsey County, Minnesota",0.056666667
27025110700,"Census Tract 1107, Chisago County, Minnesota",0.05677517
27141030404,"Census Tract 304.04, Sherburne County, Minnesota",0.056938001
27171100100,"Census Tract 1001, Wright County, Minnesota",0.056995831
27007450200,"Census Tract 4502, Beltrami County, Minnesota",0.057057057
27109001502,"Census Tract 15.02, Olmsted County, Minnesota",0.057063049
27119021000,"Census Tract 210, Polk County, Minnesota",0.057071269
27053108700,"Census Tract 1087, Hennepin County, Minnesota",0.057134971
27123032400,"Census Tract 324, Ramsey County, Minnesota",0.057236842
27037060745,"Census Tract 607.45, Dakota County, Minnesota",0.057353269
27037060503,"Census Tract 605.03, Dakota County, Minnesota",0.057443848
27053026807,"Census Tract 268.07, Hennepin County, Minnesota",0.057509673
27123034701,"Census Tract 347.01, Ramsey County, Minnesota",0.05775015
27113090100,"Census Tract 901, Pennington County, Minnesota",0.057907348
27109002000,"Census Tract 20, Olmsted County, Minnesota",0.058143029
27003050809,"Census Tract 508.09, Anoka County, Minnesota",0.058227848
27083360500,"Census Tract 3605, Lyon County, Minnesota",0.05829718
27013171500,"Census Tract 1715, Blue Earth County, Minnesota",0.05830699
27111961100,"Census Tract 9611, Otter Tail County, Minnesota",0.05835604
27053026508,"Census Tract 265.08, Hennepin County, Minnesota",0.05836329
27053026814,"Census Tract 268.14, Hennepin County, Minnesota",0.058488083
27139080203,"Census Tract 802.03, Scott County, Minnesota",0.058689024
27003050401,"Census Tract 504.01, Anoka County, Minnesota",0.058708415
27053026903,"Census Tract 269.03, Hennepin County, Minnesota",0.058743169
27003051304,"Census Tract 513.04, Anoka County, Minnesota",0.058849363
27053101900,"Census Tract 1019, Hennepin County, Minnesota",0.058937573
27053002400,"Census Tract 24, Hennepin County, Minnesota",0.058946488
27163071208,"Census Tract 712.08, Washington County, Minnesota",0.059039876
27005450300,"Census Tract 4503, Becker County, Minnesota",0.059323635
27003050608,"Census Tract 506.08, Anoka County, Minnesota",0.059505579
27025110501,"Census Tract 1105.01, Chisago County, Minnesota",0.059705418
27067781000,"Census Tract 7810, Kandiyohi County, Minnesota",0.059772296
27083360400,"Census Tract 3604, Lyon County, Minnesota",0.060082705
27103480600,"Census Tract 4806, Nicollet County, Minnesota",0.060098793
27139080301,"Census Tract 803.01, Scott County, Minnesota",0.060275312
27085950600,"Census Tract 9506, McLeod County, Minnesota",0.060363479
27123042700,"Census Tract 427, Ramsey County, Minnesota",0.060457516
27025110401,"Census Tract 1104.01, Chisago County, Minnesota",0.060479313
27053109200,"Census Tract 1092, Hennepin County, Minnesota",0.060509554
27003050706,"Census Tract 507.06, Anoka County, Minnesota",0.060512504
27055020200,"Census Tract 202, Houston County, Minnesota",0.060520362
27053105500,"Census Tract 1055, Hennepin County, Minnesota",0.060574949
27037060101,"Census Tract 601.01, Dakota County, Minnesota",0.060614604
27123032700,"Census Tract 327, Ramsey County, Minnesota",0.060639471
27147960800,"Census Tract 9608, Steele County, Minnesota",0.060657119
27053002200,"Census Tract 22, Hennepin County, Minnesota",0.060726073
27141030102,"Census Tract 301.02, Sherburne County, Minnesota",0.060899046
27045960100,"Census Tract 9601, Fillmore County, Minnesota",0.061005518
27047180100,"Census Tract 1801, Freeborn County, Minnesota",0.061018131
27103480502,"Census Tract 4805.02, Nicollet County, Minnesota",0.06122449
27053027001,"Census Tract 270.01, Hennepin County, Minnesota",0.061473088
27027030202,"Census Tract 302.02, Clay County, Minnesota",0.06173097
27117460400,"Census Tract 4604, Pipestone County, Minnesota",0.061759201
27053025603,"Census Tract 256.03, Hennepin County, Minnesota",0.061819172
27061480900,"Census Tract 4809, Itasca County, Minnesota",0.061891727
27123041400,"Census Tract 414, Ramsey County, Minnesota",0.062001771
27099000410,"Census Tract 4.10, Mower County, Minnesota",0.062022472
27003050702,"Census Tract 507.02, Anoka County, Minnesota",0.062254458
27041450800,"Census Tract 4508, Douglas County, Minnesota",0.062333826
27163070704,"Census Tract 707.04, Washington County, Minnesota",0.062335712
27053025702,"Census Tract 257.02, Hennepin County, Minnesota",0.062387792
27025110200,"Census Tract 1102, Chisago County, Minnesota",0.062405127
27145011200,"Census Tract 112, Stearns County, Minnesota",0.062424426
27003050607,"Census Tract 506.07, Anoka County, Minnesota",0.062445981
27109001602,"Census Tract 16.02, Olmsted County, Minnesota",0.062460766
27137011400,"Census Tract 114, St. Louis County, Minnesota",0.062693979
27003050707,"Census Tract 507.07, Anoka County, Minnesota",0.062752709
27013171000,"Census Tract 1710, Blue Earth County, Minnesota",0.062813329
27123031600,"Census Tract 316, Ramsey County, Minnesota",0.062828421
27141031500,"Census Tract 315, Sherburne County, Minnesota",0.062917064
27161790500,"Census Tract 7905, Waseca County, Minnesota",0.062992126
27131070300,"Census Tract 703, Rice County, Minnesota",0.062997347
27053024802,"Census Tract 248.02, Hennepin County, Minnesota",0.063063063
27099000900,"Census Tract 9, Mower County, Minnesota",0.063079777
27053026007,"Census Tract 260.07, Hennepin County, Minnesota",0.063081696
27169670100,"Census Tract 6701, Winona County, Minnesota",0.063086336
27173970300,"Census Tract 9703, Yellow Medicine County, Minnesota",0.063149148
27005450900,"Census Tract 4509, Becker County, Minnesota",0.063254927
27037060737,"Census Tract 607.37, Dakota County, Minnesota",0.063388866
27015960101,"Census Tract 9601.01, Brown County, Minnesota",0.063406771
27145010401,"Census Tract 104.01, Stearns County, Minnesota",0.063409563
27171100203,"Census Tract 1002.03, Wright County, Minnesota",0.063548551
27053107400,"Census Tract 1074, Hennepin County, Minnesota",0.063742988
27027030103,"Census Tract 301.03, Clay County, Minnesota",0.063801772
27131070700,"Census Tract 707, Rice County, Minnesota",0.063811745
27113090300,"Census Tract 903, Pennington County, Minnesota",0.063839924
27123042302,"Census Tract 423.02, Ramsey County, Minnesota",0.063998415
27059130502,"Census Tract 1305.02, Isanti County, Minnesota",0.064253949
27035951400,"Census Tract 9514, Crow Wing County, Minnesota",0.064332845
27167950200,"Census Tract 9502, Wilkin County, Minnesota",0.064474944
27059130302,"Census Tract 1303.02, Isanti County, Minnesota",0.064600448
27003050111,"Census Tract 501.11, Anoka County, Minnesota",0.064602242
27145011302,"Census Tract 113.02, Stearns County, Minnesota",0.064603537
27009021102,"Census Tract 211.02, Benton County, Minnesota",0.064651368
27137015400,"Census Tract 154, St. Louis County, Minnesota",0.06483871
27043460100,"Census Tract 4601, Faribault County, Minnesota",0.064859117
27119020800,"Census Tract 208, Polk County, Minnesota",0.065026362
27053026815,"Census Tract 268.15, Hennepin County, Minnesota",0.065123789
27173970100,"Census Tract 9701, Yellow Medicine County, Minnesota",0.065136686
27003051101,"Census Tract 511.01, Anoka County, Minnesota",0.065164568
27045960500,"Census Tract 9605, Fillmore County, Minnesota",0.065196548
27145010102,"Census Tract 101.02, Stearns County, Minnesota",0.065309584
27133570300,"Census Tract 5703, Rock County, Minnesota",0.065317387
27027020100,"Census Tract 201, Clay County, Minnesota",0.065321614
27143170400,"Census Tract 1704, Sibley County, Minnesota",0.065352697
27131070601,"Census Tract 706.01, Rice County, Minnesota",0.065431059
27003051202,"Census Tract 512.02, Anoka County, Minnesota",0.065434272
27097780600,"Census Tract 7806, Morrison County, Minnesota",0.065453137
27013170900,"Census Tract 1709, Blue Earth County, Minnesota",0.065503621
27133570200,"Census Tract 5702, Rock County, Minnesota",0.065678582
27099001300,"Census Tract 13, Mower County, Minnesota",0.065704772
27137001000,"Census Tract 10, St. Louis County, Minnesota",0.065714286
27037061502,"Census Tract 615.02, Dakota County, Minnesota",0.06580938
27013171400,"Census Tract 1714, Blue Earth County, Minnesota",0.065819861
27061480802,"Census Tract 4808.02, Itasca County, Minnesota",0.065835411
27117460300,"Census Tract 4603, Pipestone County, Minnesota",0.065851364
27003051501,"Census Tract 515.01, Anoka County, Minnesota",0.065903573
27001790502,"Census Tract 7905.02, Aitkin County, Minnesota",0.065912117
27007450100,"Census Tract 4501, Beltrami County, Minnesota",0.065934066
27145010900,"Census Tract 109, Stearns County, Minnesota",0.065948502
27145011100,"Census Tract 111, Stearns County, Minnesota",0.065964912
27141030403,"Census Tract 304.03, Sherburne County, Minnesota",0.066026038
27053021002,"Census Tract 210.02, Hennepin County, Minnesota",0.066119938
27035950100,"Census Tract 9501, Crow Wing County, Minnesota",0.06612996
27039950500,"Census Tract 9505, Dodge County, Minnesota",0.066196699
27105105100,"Census Tract 1051, Nobles County, Minnesota",0.066202091
27171100702,"Census Tract 1007.02, Wright County, Minnesota",0.066298343
27045960400,"Census Tract 9604, Fillmore County, Minnesota",0.066326531
27009021101,"Census Tract 211.01, Benton County, Minnesota",0.066358025
27137010300,"Census Tract 103, St. Louis County, Minnesota",0.066359548
27013170700,"Census Tract 1707, Blue Earth County, Minnesota",0.066514633
27007450400,"Census Tract 4504, Beltrami County, Minnesota",0.066521265
27097780300,"Census Tract 7803, Morrison County, Minnesota",0.066677535
27005450500,"Census Tract 4505, Becker County, Minnesota",0.066696409
27131070400,"Census Tract 704, Rice County, Minnesota",0.066894198
27053027203,"Census Tract 272.03, Hennepin County, Minnesota",0.066938776
27159480100,"Census Tract 4801, Wadena County, Minnesota",0.066994468
27023950500,"Census Tract 9505, Chippewa County, Minnesota",0.067052581
27033270100,"Census Tract 2701, Cottonwood County, Minnesota",0.067055394
27109001401,"Census Tract 14.01, Olmsted County, Minnesota",0.067103479
27053025907,"Census Tract 259.07, Hennepin County, Minnesota",0.067122702
27137012800,"Census Tract 128, St. Louis County, Minnesota",0.067153793
27137011300,"Census Tract 113, St. Louis County, Minnesota",0.067234848
27137012300,"Census Tract 123, St. Louis County, Minnesota",0.067362017
27159480200,"Census Tract 4802, Wadena County, Minnesota",0.067420034
27041450702,"Census Tract 4507.02, Douglas County, Minnesota",0.06766655
27025110301,"Census Tract 1103.01, Chisago County, Minnesota",0.067674765
27123042501,"Census Tract 425.01, Ramsey County, Minnesota",0.067677124
27053103700,"Census Tract 1037, Hennepin County, Minnesota",0.067710843
27123034202,"Census Tract 342.02, Ramsey County, Minnesota",0.0677315
27137015500,"Census Tract 155, St. Louis County, Minnesota",0.067819508
27053003300,"Census Tract 33, Hennepin County, Minnesota",0.067855758
27093560100,"Census Tract 5601, Meeker County, Minnesota",0.067914758
27003050810,"Census Tract 508.10, Anoka County, Minnesota",0.068010076
27163070703,"Census Tract 707.03, Washington County, Minnesota",0.068055039
27111960400,"Census Tract 9604, Otter Tail County, Minnesota",0.068181818
27011950100,"Census Tract 9501, Big Stone County, Minnesota",0.068230277
27109000500,"Census Tract 5, Olmsted County, Minnesota",0.068322981
27037060749,"Census Tract 607.49, Dakota County, Minnesota",0.068365444
27063480100,"Census Tract 4801, Jackson County, Minnesota",0.068368277
27053022700,"Census Tract 227, Hennepin County, Minnesota",0.068409091
27037060726,"Census Tract 607.26, Dakota County, Minnesota",0.06841716
27011950300,"Census Tract 9503, Big Stone County, Minnesota",0.068443051
27161790400,"Census Tract 7904, Waseca County, Minnesota",0.068571429
27097780500,"Census Tract 7805, Morrison County, Minnesota",0.068573668
27045960200,"Census Tract 9602, Fillmore County, Minnesota",0.068599248
27123040402,"Census Tract 404.02, Ramsey County, Minnesota",0.068655037
27003050115,"Census Tract 501.15, Anoka County, Minnesota",0.068765834
27003050901,"Census Tract 509.01, Anoka County, Minnesota",0.068894602
27027030102,"Census Tract 301.02, Clay County, Minnesota",0.068921095
27003050609,"Census Tract 506.09, Anoka County, Minnesota",0.069121813
27145011000,"Census Tract 110, Stearns County, Minnesota",0.069179143
27123031200,"Census Tract 312, Ramsey County, Minnesota",0.06923626
27137013400,"Census Tract 134, St. Louis County, Minnesota",0.069340585
27153790800,"Census Tract 7908, Todd County, Minnesota",0.069364162
27109001800,"Census Tract 18, Olmsted County, Minnesota",0.069558421
27045960600,"Census Tract 9606, Fillmore County, Minnesota",0.069598338
27053026020,"Census Tract 260.20, Hennepin County, Minnesota",0.069748904
27169670500,"Census Tract 6705, Winona County, Minnesota",0.069832402
27043460600,"Census Tract 4606, Faribault County, Minnesota",0.069965211
27139080906,"Census Tract 809.06, Scott County, Minnesota",0.069981953
27035951700,"Census Tract 9517, Crow Wing County, Minnesota",0.069986072
27053026019,"Census Tract 260.19, Hennepin County, Minnesota",0.070001651
27123042101,"Census Tract 421.01, Ramsey County, Minnesota",0.070105591
27089080300,"Census Tract 803, Marshall County, Minnesota",0.070191431
27169671000,"Census Tract 6710, Winona County, Minnesota",0.070317116
27013171101,"Census Tract 1711.01, Blue Earth County, Minnesota",0.070327103
27037060750,"Census Tract 607.50, Dakota County, Minnesota",0.070339721
27137001400,"Census Tract 14, St. Louis County, Minnesota",0.070559611
27043460300,"Census Tract 4603, Faribault County, Minnesota",0.070636311
27099000300,"Census Tract 3, Mower County, Minnesota",0.07063922
27119020400,"Census Tract 204, Polk County, Minnesota",0.070716659
27053025205,"Census Tract 252.05, Hennepin County, Minnesota",0.070859539
27053012102,"Census Tract 121.02, Hennepin County, Minnesota",0.070944742
27021940001,"Census Tract 9400.01, Cass County, Minnesota",0.07095507
27157490200,"Census Tract 4902, Wabasha County, Minnesota",0.071007752
27137002300,"Census Tract 23, St. Louis County, Minnesota",0.071072319
27117460100,"Census Tract 4601, Pipestone County, Minnesota",0.071105365
27003050114,"Census Tract 501.14, Anoka County, Minnesota",0.071240972
27053026811,"Census Tract 268.11, Hennepin County, Minnesota",0.071250208
27125010100,"Census Tract 101, Red Lake County, Minnesota",0.071276596
27079950100,"Census Tract 9501, Le Sueur County, Minnesota",0.071490468
27167950100,"Census Tract 9501, Wilkin County, Minnesota",0.07152231
27053023901,"Census Tract 239.01, Hennepin County, Minnesota",0.071584699
27053109100,"Census Tract 1091, Hennepin County, Minnesota",0.071693449
27161790300,"Census Tract 7903, Waseca County, Minnesota",0.071736964
27029000300,"Census Tract 3, Clearwater County, Minnesota",0.071850394
27043460400,"Census Tract 4604, Faribault County, Minnesota",0.071882314
27137013600,"Census Tract 136, St. Louis County, Minnesota",0.072140762
27053026016,"Census Tract 260.16, Hennepin County, Minnesota",0.072284003
27171101100,"Census Tract 1011, Wright County, Minnesota",0.072392031
27073180300,"Census Tract 1803, Lac qui Parle County, Minnesota",0.07245867
27041450100,"Census Tract 4501, Douglas County, Minnesota",0.07247765
27091790600,"Census Tract 7906, Martin County, Minnesota",0.072486535
27123042002,"Census Tract 420.02, Ramsey County, Minnesota",0.07253886
27173970400,"Census Tract 9704, Yellow Medicine County, Minnesota",0.072921731
27141030101,"Census Tract 301.01, Sherburne County, Minnesota",0.073274
27057070700,"Census Tract 707, Hubbard County, Minnesota",0.073622403
27061480500,"Census Tract 4805, Itasca County, Minnesota",0.073836276
27137002600,"Census Tract 26, St. Louis County, Minnesota",0.073836276
27003050709,"Census Tract 507.09, Anoka County, Minnesota",0.073907717
27057070200,"Census Tract 702, Hubbard County, Minnesota",0.07402863
27089080100,"Census Tract 801, Marshall County, Minnesota",0.074107143
27147960400,"Census Tract 9604, Steele County, Minnesota",0.074155653
27115950700,"Census Tract 9507, Pine County, Minnesota",0.074170274
27067780700,"Census Tract 7807, Kandiyohi County, Minnesota",0.074215761
27005450100,"Census Tract 4501, Becker County, Minnesota",0.074235808
27123034201,"Census Tract 342.01, Ramsey County, Minnesota",0.07428115
27123037602,"Census Tract 376.02, Ramsey County, Minnesota",0.074291498
27123040200,"Census Tract 402, Ramsey County, Minnesota",0.074525085
27101900100,"Census Tract 9001, Murray County, Minnesota",0.074686717
27121970200,"Census Tract 9702, Pope County, Minnesota",0.074812968
27053102900,"Census Tract 1029, Hennepin County, Minnesota",0.074925816
27145001001,"Census Tract 10.01, Stearns County, Minnesota",0.075031211
27095970300,"Census Tract 9703, Mille Lacs County, Minnesota",0.07505864
27095170700,"Census Tract 1707, Mille Lacs County, Minnesota",0.075090909
27033270300,"Census Tract 2703, Cottonwood County, Minnesota",0.075108628
27123035500,"Census Tract 355, Ramsey County, Minnesota",0.075194865
27021960802,"Census Tract 9608.02, Cass County, Minnesota",0.075227273
27049080200,"Census Tract 802, Goodhue County, Minnesota",0.075325435
27003050402,"Census Tract 504.02, Anoka County, Minnesota",0.075396825
27009020205,"Census Tract 202.05, Benton County, Minnesota",0.075418113
27007450702,"Census Tract 4507.02, Beltrami County, Minnesota",0.075631649
27123036300,"Census Tract 363, Ramsey County, Minnesota",0.075772358
27141030503,"Census Tract 305.03, Sherburne County, Minnesota",0.075947197
27085950700,"Census Tract 9507, McLeod County, Minnesota",0.076007326
27037060904,"Census Tract 609.04, Dakota County, Minnesota",0.076116272
27111961600,"Census Tract 9616, Otter Tail County, Minnesota",0.076177895
27067780300,"Census Tract 7803, Kandiyohi County, Minnesota",0.076326326
27047180300,"Census Tract 1803, Freeborn County, Minnesota",0.076342788
27137010600,"Census Tract 106, St. Louis County, Minnesota",0.076428358
27081201001,"Census Tract 2010.01, Lincoln County, Minnesota",0.076565295
27053027501,"Census Tract 275.01, Hennepin County, Minnesota",0.076633444
27053126100,"Census Tract 1261, Hennepin County, Minnesota",0.076683598
27053023300,"Census Tract 233, Hennepin County, Minnesota",0.076752893
27009020202,"Census Tract 202.02, Benton County, Minnesota",0.076759062
27033270400,"Census Tract 2704, Cottonwood County, Minnesota",0.076812635
27105105200,"Census Tract 1052, Nobles County, Minnesota",0.076824584
27111961200,"Census Tract 9612, Otter Tail County, Minnesota",0.076857749
27035950800,"Census Tract 9508, Crow Wing County, Minnesota",0.076968738
27123034601,"Census Tract 346.01, Ramsey County, Minnesota",0.077092511
27079950300,"Census Tract 9503, Le Sueur County, Minnesota",0.077101719
27053023400,"Census Tract 234, Hennepin County, Minnesota",0.077110786
27139080700,"Census Tract 807, Scott County, Minnesota",0.077287066
27145000701,"Census Tract 7.01, Stearns County, Minnesota",0.077317699
27047180600,"Census Tract 1806, Freeborn County, Minnesota",0.077390386
27067770900,"Census Tract 7709, Kandiyohi County, Minnesota",0.07753051
27123033800,"Census Tract 338, Ramsey County, Minnesota",0.077699294
27035950502,"Census Tract 9505.02, Crow Wing County, Minnesota",0.077800407
27125010200,"Census Tract 102, Red Lake County, Minnesota",0.077804296
27151960100,"Census Tract 9601, Swift County, Minnesota",0.077977721
27123037402,"Census Tract 374.02, Ramsey County, Minnesota",0.078169685
27031480100,"Census Tract 4801, Cook County, Minnesota",0.078185616
27137002200,"Census Tract 22, St. Louis County, Minnesota",0.078324226
27037060102,"Census Tract 601.02, Dakota County, Minnesota",0.078330893
27053001100,"Census Tract 11, Hennepin County, Minnesota",0.078488372
27123031100,"Census Tract 311, Ramsey County, Minnesota",0.078907048
27043460500,"Census Tract 4605, Faribault County, Minnesota",0.07898201
27095170400,"Census Tract 1704, Mille Lacs County, Minnesota",0.079118029
27099001000,"Census Tract 10, Mower County, Minnesota",0.079202586
27111960800,"Census Tract 9608, Otter Tail County, Minnesota",0.079239303
27123031000,"Census Tract 310, Ramsey County, Minnesota",0.079280156
27123040704,"Census Tract 407.04, Ramsey County, Minnesota",0.079374276
27109001201,"Census Tract 12.01, Olmsted County, Minnesota",0.079485084
27101900200,"Census Tract 9002, Murray County, Minnesota",0.079606724
27061480100,"Census Tract 4801, Itasca County, Minnesota",0.079649891
27113090400,"Census Tract 904, Pennington County, Minnesota",0.079655172
27137015100,"Census Tract 151, St. Louis County, Minnesota",0.079884851
27045960300,"Census Tract 9603, Fillmore County, Minnesota",0.079943503
27037060401,"Census Tract 604.01, Dakota County, Minnesota",0.080015924
27105105300,"Census Tract 1053, Nobles County, Minnesota",0.080218396
27029000200,"Census Tract 2, Clearwater County, Minnesota",0.08036012
27083360100,"Census Tract 3601, Lyon County, Minnesota",0.0805841
27137003600,"Census Tract 36, St. Louis County, Minnesota",0.080614203
27059130400,"Census Tract 1304, Isanti County, Minnesota",0.080932425
27009020206,"Census Tract 202.06, Benton County, Minnesota",0.081127983
27137014000,"Census Tract 140, St. Louis County, Minnesota",0.081210956
27091790100,"Census Tract 7901, Martin County, Minnesota",0.081329562
27163070406,"Census Tract 704.06, Washington County, Minnesota",0.081410766
27049080600,"Census Tract 806, Goodhue County, Minnesota",0.081421006
27145010500,"Census Tract 105, Stearns County, Minnesota",0.08157831
27003050505,"Census Tract 505.05, Anoka County, Minnesota",0.081602374
27097780800,"Census Tract 7808, Morrison County, Minnesota",0.081670969
27123042800,"Census Tract 428, Ramsey County, Minnesota",0.082225914
27137001600,"Census Tract 16, St. Louis County, Minnesota",0.082269504
27065480400,"Census Tract 4804, Kanabec County, Minnesota",0.082269504
27021960700,"Census Tract 9607, Cass County, Minnesota",0.082341964
27123030800,"Census Tract 308, Ramsey County, Minnesota",0.082397004
27073180100,"Census Tract 1801, Lac qui Parle County, Minnesota",0.0824202
27123033000,"Census Tract 330, Ramsey County, Minnesota",0.082434515
27019091201,"Census Tract 912.01, Carver County, Minnesota",0.082674051
27025110100,"Census Tract 1101, Chisago County, Minnesota",0.082996973
27103480200,"Census Tract 4802, Nicollet County, Minnesota",0.083035714
27137010100,"Census Tract 101, St. Louis County, Minnesota",0.083176515
27053022802,"Census Tract 228.02, Hennepin County, Minnesota",0.083309144
27001790501,"Census Tract 7905.01, Aitkin County, Minnesota",0.083333333
27111961000,"Census Tract 9610, Otter Tail County, Minnesota",0.083353236
27137015200,"Census Tract 152, St. Louis County, Minnesota",0.083431953
27029000100,"Census Tract 1, Clearwater County, Minnesota",0.083490744
27015960700,"Census Tract 9607, Brown County, Minnesota",0.083604136
27123031702,"Census Tract 317.02, Ramsey County, Minnesota",0.083701161
27061480801,"Census Tract 4808.01, Itasca County, Minnesota",0.083860759
27053024902,"Census Tract 249.02, Hennepin County, Minnesota",0.08391338
27145011400,"Census Tract 114, Stearns County, Minnesota",0.083988126
27015960300,"Census Tract 9603, Brown County, Minnesota",0.084221039
27053021100,"Census Tract 211, Hennepin County, Minnesota",0.08444217
27165950300,"Census Tract 9503, Watonwan County, Minnesota",0.084533038
27015960500,"Census Tract 9605, Brown County, Minnesota",0.084534917
27067780200,"Census Tract 7802, Kandiyohi County, Minnesota",0.084550686
27123032100,"Census Tract 321, Ramsey County, Minnesota",0.084683955
27047180200,"Census Tract 1802, Freeborn County, Minnesota",0.084758942
27127750300,"Census Tract 7503, Redwood County, Minnesota",0.084869059
27047180400,"Census Tract 1804, Freeborn County, Minnesota",0.085076709
27005450800,"Census Tract 4508, Becker County, Minnesota",0.085097192
27123030400,"Census Tract 304, Ramsey County, Minnesota",0.085121012
27007450500,"Census Tract 4505, Beltrami County, Minnesota",0.085133418
27035950501,"Census Tract 9505.01, Crow Wing County, Minnesota",0.085195002
27009020100,"Census Tract 201, Benton County, Minnesota",0.085296217
27099001200,"Census Tract 12, Mower County, Minnesota",0.085457271
27053025605,"Census Tract 256.05, Hennepin County, Minnesota",0.085484796
27121970300,"Census Tract 9703, Pope County, Minnesota",0.08549323
27149480200,"Census Tract 4802, Stevens County, Minnesota",0.085496183
27035951600,"Census Tract 9516, Crow Wing County, Minnesota",0.085513471
27071790200,"Census Tract 7902, Koochiching County, Minnesota",0.085591133
27079950400,"Census Tract 9504, Le Sueur County, Minnesota",0.085622833
27123033300,"Census Tract 333, Ramsey County, Minnesota",0.085689803
27145000602,"Census Tract 6.02, Stearns County, Minnesota",0.086075949
27101900300,"Census Tract 9003, Murray County, Minnesota",0.086144776
27053024600,"Census Tract 246, Hennepin County, Minnesota",0.086323714
27037060725,"Census Tract 607.25, Dakota County, Minnesota",0.086375321
27153790700,"Census Tract 7907, Todd County, Minnesota",0.086466165
27067780100,"Census Tract 7801, Kandiyohi County, Minnesota",0.086553323
27137011100,"Census Tract 111, St. Louis County, Minnesota",0.086610694
27123030500,"Census Tract 305, Ramsey County, Minnesota",0.08677686
27109002100,"Census Tract 21, Olmsted County, Minnesota",0.086811617
27053021501,"Census Tract 215.01, Hennepin County, Minnesota",0.086913087
27053025302,"Census Tract 253.02, Hennepin County, Minnesota",0.086915446
27053009600,"Census Tract 96, Hennepin County, Minnesota",0.087107086
27095970200,"Census Tract 9702, Mille Lacs County, Minnesota",0.087171679
27053102100,"Census Tract 1021, Hennepin County, Minnesota",0.087258123
27145000301,"Census Tract 3.01, Stearns County, Minnesota",0.087329781
27119020700,"Census Tract 207, Polk County, Minnesota",0.08745583
27007450300,"Census Tract 4503, Beltrami County, Minnesota",0.087608339
27123037200,"Census Tract 372, Ramsey County, Minnesota",0.087655942
27027020202,"Census Tract 202.02, Clay County, Minnesota",0.087687415
27053025201,"Census Tract 252.01, Hennepin County, Minnesota",0.087729249
27153790500,"Census Tract 7905, Todd County, Minnesota",0.087848297
27111960500,"Census Tract 9605, Otter Tail County, Minnesota",0.088004704
27123040502,"Census Tract 405.02, Ramsey County, Minnesota",0.08809436
27059130200,"Census Tract 1302, Isanti County, Minnesota",0.088164973
27053026702,"Census Tract 267.02, Hennepin County, Minnesota",0.088324488
27057070500,"Census Tract 705, Hubbard County, Minnesota",0.088757396
27053100200,"Census Tract 1002, Hennepin County, Minnesota",0.088882697
27003051302,"Census Tract 513.02, Anoka County, Minnesota",0.088899232
27123036800,"Census Tract 368, Ramsey County, Minnesota",0.08923784
27105105600,"Census Tract 1056, Nobles County, Minnesota",0.089463642
27037060746,"Census Tract 607.46, Dakota County, Minnesota",0.089591957
27053020400,"Census Tract 204, Hennepin County, Minnesota",0.089823875
27053103100,"Census Tract 1031, Hennepin County, Minnesota",0.089914367
27123031801,"Census Tract 318.01, Ramsey County, Minnesota",0.089951073
27053024005,"Census Tract 240.05, Hennepin County, Minnesota",0.089967028
27145000401,"Census Tract 4.01, Stearns County, Minnesota",0.090069284
27097780200,"Census Tract 7802, Morrison County, Minnesota",0.090115533
27123032000,"Census Tract 320, Ramsey County, Minnesota",0.090307044
27053012101,"Census Tract 121.01, Hennepin County, Minnesota",0.090365449
27047181000,"Census Tract 1810, Freeborn County, Minnesota",0.090465632
27035951100,"Census Tract 9511, Crow Wing County, Minnesota",0.090654859
27153790200,"Census Tract 7902, Todd County, Minnesota",0.090975255
27053107000,"Census Tract 1070, Hennepin County, Minnesota",0.090999751
27003051102,"Census Tract 511.02, Anoka County, Minnesota",0.091049724
27001770100,"Census Tract 7701, Aitkin County, Minnesota",0.091068301
27137002900,"Census Tract 29, St. Louis County, Minnesota",0.091133005
27061480300,"Census Tract 4803, Itasca County, Minnesota",0.091210614
27123033100,"Census Tract 331, Ramsey County, Minnesota",0.09129902
27067781200,"Census Tract 7812, Kandiyohi County, Minnesota",0.091341256
27111960103,"Census Tract 9601.03, Otter Tail County, Minnesota",0.091346154
27083360700,"Census Tract 3607, Lyon County, Minnesota",0.091385055
27053125800,"Census Tract 1258, Hennepin County, Minnesota",0.091458658
27071790500,"Census Tract 7905, Koochiching County, Minnesota",0.09152831
27153790300,"Census Tract 7903, Todd County, Minnesota",0.091585761
27137003400,"Census Tract 34, St. Louis County, Minnesota",0.091672046
27117460500,"Census Tract 4605, Pipestone County, Minnesota",0.091684435
27137013800,"Census Tract 138, St. Louis County, Minnesota",0.091714105
27095970100,"Census Tract 9701, Mille Lacs County, Minnesota",0.091724826
27093560500,"Census Tract 5605, Meeker County, Minnesota",0.091961214
27159480300,"Census Tract 4803, Wadena County, Minnesota",0.092116358
27021960302,"Census Tract 9603.02, Cass County, Minnesota",0.092436975
27097780400,"Census Tract 7804, Morrison County, Minnesota",0.092599768
27041450900,"Census Tract 4509, Douglas County, Minnesota",0.092749658
27061480400,"Census Tract 4804, Itasca County, Minnesota",0.092887029
27037060741,"Census Tract 607.41, Dakota County, Minnesota",0.092899986
27053020101,"Census Tract 201.01, Hennepin County, Minnesota",0.092912448
27123031802,"Census Tract 318.02, Ramsey County, Minnesota",0.093065281
27115950100,"Census Tract 9501, Pine County, Minnesota",0.093133047
27123030601,"Census Tract 306.01, Ramsey County, Minnesota",0.093304607
27049080500,"Census Tract 805, Goodhue County, Minnesota",0.093490747
27075370400,"Census Tract 3704, Lake County, Minnesota",0.0936539
27169670700,"Census Tract 6707, Winona County, Minnesota",0.093661061
27053025100,"Census Tract 251, Hennepin County, Minnesota",0.093895037
27171101200,"Census Tract 1012, Wright County, Minnesota",0.093956323
27053105201,"Census Tract 1052.01, Hennepin County, Minnesota",0.093962008
27123040902,"Census Tract 409.02, Ramsey County, Minnesota",0.094012984
27097780100,"Census Tract 7801, Morrison County, Minnesota",0.094170404
27133570100,"Census Tract 5701, Rock County, Minnesota",0.094324214
27095170500,"Census Tract 1705, Mille Lacs County, Minnesota",0.094370097
27123041107,"Census Tract 411.07, Ramsey County, Minnesota",0.094508718
27109001702,"Census Tract 17.02, Olmsted County, Minnesota",0.09452412
27115950200,"Census Tract 9502, Pine County, Minnesota",0.094628246
27155460100,"Census Tract 4601, Traverse County, Minnesota",0.094689379
27053020600,"Census Tract 206, Hennepin County, Minnesota",0.094856064
27151960400,"Census Tract 9604, Swift County, Minnesota",0.094910591
27017070400,"Census Tract 704, Carlton County, Minnesota",0.095105603
27123030602,"Census Tract 306.02, Ramsey County, Minnesota",0.095386833
27137012100,"Census Tract 121, St. Louis County, Minnesota",0.095396193
27037060710,"Census Tract 607.10, Dakota County, Minnesota",0.095463609
27041450200,"Census Tract 4502, Douglas County, Minnesota",0.09557426
27049080101,"Census Tract 801.01, Goodhue County, Minnesota",0.095661846
27145011600,"Census Tract 116, Stearns County, Minnesota",0.095820591
27053020903,"Census Tract 209.03, Hennepin County, Minnesota",0.096218771
27137013000,"Census Tract 130, St. Louis County, Minnesota",0.096314496
27171100500,"Census Tract 1005, Wright County, Minnesota",0.096433847
27051070200,"Census Tract 702, Grant County, Minnesota",0.09666908
27027020500,"Census Tract 205, Clay County, Minnesota",0.096710656
27091790400,"Census Tract 7904, Martin County, Minnesota",0.096791735
27091790200,"Census Tract 7902, Martin County, Minnesota",0.097079716
27087940100,"Census Tract 9401, Mahnomen County, Minnesota",0.097161937
27095170600,"Census Tract 1706, Mille Lacs County, Minnesota",0.097456109
27137013200,"Census Tract 132, St. Louis County, Minnesota",0.097534543
27137015600,"Census Tract 156, St. Louis County, Minnesota",0.097674419
27043460200,"Census Tract 4602, Faribault County, Minnesota",0.097765363
27143170198,"Census Tract 1701.98, Sibley County, Minnesota",0.09807516
27067780500,"Census Tract 7805, Kandiyohi County, Minnesota",0.098356808
27021940002,"Census Tract 9400.02, Cass County, Minnesota",0.098366122
27121970100,"Census Tract 9701, Pope County, Minnesota",0.098504837
27023950600,"Census Tract 9506, Chippewa County, Minnesota",0.098547527
27075370300,"Census Tract 3703, Lake County, Minnesota",0.099028228
27053102600,"Census Tract 1026, Hennepin County, Minnesota",0.099186165
27053103000,"Census Tract 1030, Hennepin County, Minnesota",0.099333737
27157490400,"Census Tract 4904, Wabasha County, Minnesota",0.099424269
27031480200,"Census Tract 4802, Cook County, Minnesota",0.099681866
27089080400,"Census Tract 804, Marshall County, Minnesota",0.099699022
27053108800,"Census Tract 1088, Hennepin County, Minnesota",0.099705015
27153790400,"Census Tract 7904, Todd County, Minnesota",0.09972719
27149480100,"Census Tract 4801, Stevens County, Minnesota",0.1
27053001700,"Census Tract 17, Hennepin County, Minnesota",0.1
27021960100,"Census Tract 9601, Cass County, Minnesota",0.100625652
27137010500,"Census Tract 105, St. Louis County, Minnesota",0.100941423
27067781100,"Census Tract 7811, Kandiyohi County, Minnesota",0.101139601
27003050116,"Census Tract 501.16, Anoka County, Minnesota",0.101213697
27023950300,"Census Tract 9503, Chippewa County, Minnesota",0.101234568
27123031900,"Census Tract 319, Ramsey County, Minnesota",0.101424501
27053025601,"Census Tract 256.01, Hennepin County, Minnesota",0.101537217
27065480300,"Census Tract 4803, Kanabec County, Minnesota",0.101564645
27137013500,"Census Tract 135, St. Louis County, Minnesota",0.101739589
27053020302,"Census Tract 203.02, Hennepin County, Minnesota",0.10243701
27065480200,"Census Tract 4802, Kanabec County, Minnesota",0.102469785
27111960700,"Census Tract 9607, Otter Tail County, Minnesota",0.102480683
27151960200,"Census Tract 9602, Swift County, Minnesota",0.102539063
27153790600,"Census Tract 7906, Todd County, Minnesota",0.102849389
27049080800,"Census Tract 808, Goodhue County, Minnesota",0.103235014
27119020500,"Census Tract 205, Polk County, Minnesota",0.103291317
27027020300,"Census Tract 203, Clay County, Minnesota",0.103318508
27099001400,"Census Tract 14, Mower County, Minnesota",0.103356103
27085950500,"Census Tract 9505, McLeod County, Minnesota",0.103460707
27137003800,"Census Tract 38, St. Louis County, Minnesota",0.103760446
27015960600,"Census Tract 9606, Brown County, Minnesota",0.103773585
27145010403,"Census Tract 104.03, Stearns County, Minnesota",0.103990326
27053104400,"Census Tract 1044, Hennepin County, Minnesota",0.103994927
27053026816,"Census Tract 268.16, Hennepin County, Minnesota",0.104339797
27137015800,"Census Tract 158, St. Louis County, Minnesota",0.104549563
27053024400,"Census Tract 244, Hennepin County, Minnesota",0.104706771
27059130100,"Census Tract 1301, Isanti County, Minnesota",0.10483871
27053025403,"Census Tract 254.03, Hennepin County, Minnesota",0.104853911
27127750500,"Census Tract 7505, Redwood County, Minnesota",0.104860314
27119020900,"Census Tract 209, Polk County, Minnesota",0.105001382
27111961300,"Census Tract 9613, Otter Tail County, Minnesota",0.105263158
27053000101,"Census Tract 1.01, Hennepin County, Minnesota",0.105543376
27111961700,"Census Tract 9617, Otter Tail County, Minnesota",0.105567387
27053024004,"Census Tract 240.04, Hennepin County, Minnesota",0.10560038
27137001200,"Census Tract 12, St. Louis County, Minnesota",0.106164384
27115950300,"Census Tract 9503, Pine County, Minnesota",0.106666667
27111960102,"Census Tract 9601.02, Otter Tail County, Minnesota",0.106750392
27123032600,"Census Tract 326, Ramsey County, Minnesota",0.106911142
27123042201,"Census Tract 422.01, Ramsey County, Minnesota",0.106951872
27063480300,"Census Tract 4803, Jackson County, Minnesota",0.107066381
27079950200,"Census Tract 9502, Le Sueur County, Minnesota",0.107142857
27137013900,"Census Tract 139, St. Louis County, Minnesota",0.107172996
27003051206,"Census Tract 512.06, Anoka County, Minnesota",0.107397504
27123033200,"Census Tract 332, Ramsey County, Minnesota",0.107500864
27047180900,"Census Tract 1809, Freeborn County, Minnesota",0.107650438
27053002700,"Census Tract 27, Hennepin County, Minnesota",0.10771369
27061481000,"Census Tract 4810, Itasca County, Minnesota",0.107958252
27053008300,"Census Tract 83, Hennepin County, Minnesota",0.108662225
27053109400,"Census Tract 1094, Hennepin County, Minnesota",0.109107721
27053025801,"Census Tract 258.01, Hennepin County, Minnesota",0.109120521
27055020500,"Census Tract 205, Houston County, Minnesota",0.109309114
27145011500,"Census Tract 115, Stearns County, Minnesota",0.109675386
27173970200,"Census Tract 9702, Yellow Medicine County, Minnesota",0.11038961
27005450600,"Census Tract 4506, Becker County, Minnesota",0.110433191
27047180500,"Census Tract 1805, Freeborn County, Minnesota",0.110817942
27063480200,"Census Tract 4802, Jackson County, Minnesota",0.110858701
27053020801,"Census Tract 208.01, Hennepin County, Minnesota",0.111279717
27053103400,"Census Tract 1034, Hennepin County, Minnesota",0.111707163
27123034400,"Census Tract 344, Ramsey County, Minnesota",0.111801242
27099000800,"Census Tract 8, Mower County, Minnesota",0.111823544
27071790100,"Census Tract 7901, Koochiching County, Minnesota",0.112337974
27053104100,"Census Tract 1041, Hennepin County, Minnesota",0.112340426
27165950100,"Census Tract 9501, Watonwan County, Minnesota",0.112506827
27053105204,"Census Tract 1052.04, Hennepin County, Minnesota",0.112513925
27081201002,"Census Tract 2010.02, Lincoln County, Minnesota",0.112577924
27053109700,"Census Tract 1097, Hennepin County, Minnesota",0.11292897
27053105600,"Census Tract 1056, Hennepin County, Minnesota",0.113625972
27137012700,"Census Tract 127, St. Louis County, Minnesota",0.113733906
27137012400,"Census Tract 124, St. Louis County, Minnesota",0.114467061
27123033400,"Census Tract 334, Ramsey County, Minnesota",0.114728682
27143170200,"Census Tract 1702, Sibley County, Minnesota",0.1152252
27137012200,"Census Tract 122, St. Louis County, Minnesota",0.115511551
27001770400,"Census Tract 7704, Aitkin County, Minnesota",0.115525876
27003051502,"Census Tract 515.02, Anoka County, Minnesota",0.115565299
27123042202,"Census Tract 422.02, Ramsey County, Minnesota",0.115655317
27137012500,"Census Tract 125, St. Louis County, Minnesota",0.116003063
27121970400,"Census Tract 9704, Pope County, Minnesota",0.116376531
27041450701,"Census Tract 4507.01, Douglas County, Minnesota",0.116420664
27137013100,"Census Tract 131, St. Louis County, Minnesota",0.116556837
27093560200,"Census Tract 5602, Meeker County, Minnesota",0.116635591
27053100900,"Census Tract 1009, Hennepin County, Minnesota",0.116953219
27053110000,"Census Tract 1100, Hennepin County, Minnesota",0.117053481
27037060727,"Census Tract 607.27, Dakota County, Minnesota",0.117385787
27107960200,"Census Tract 9602, Norman County, Minnesota",0.117779024
27107960100,"Census Tract 9601, Norman County, Minnesota",0.117954911
27017070500,"Census Tract 705, Carlton County, Minnesota",0.118040527
27021960600,"Census Tract 9606, Cass County, Minnesota",0.118062563
27027020400,"Census Tract 204, Clay County, Minnesota",0.118378378
27107960300,"Census Tract 9603, Norman County, Minnesota",0.119236143
27089080200,"Census Tract 802, Marshall County, Minnesota",0.119307832
27021960200,"Census Tract 9602, Cass County, Minnesota",0.119446773
27113090500,"Census Tract 905, Pennington County, Minnesota",0.119697379
27027030201,"Census Tract 302.01, Clay County, Minnesota",0.120216729
27123031300,"Census Tract 313, Ramsey County, Minnesota",0.120374136
27053101300,"Census Tract 1013, Hennepin County, Minnesota",0.121022179
27037060509,"Census Tract 605.09, Dakota County, Minnesota",0.121057118
27053021503,"Census Tract 215.03, Hennepin County, Minnesota",0.121824365
27111960600,"Census Tract 9606, Otter Tail County, Minnesota",0.121913237
27123033600,"Census Tract 336, Ramsey County, Minnesota",0.12202208
27127750100,"Census Tract 7501, Redwood County, Minnesota",0.122069222
27037060104,"Census Tract 601.04, Dakota County, Minnesota",0.122070845
27099000100,"Census Tract 1, Mower County, Minnesota",0.122351695
27145000601,"Census Tract 6.01, Stearns County, Minnesota",0.122759857
27115950600,"Census Tract 9506, Pine County, Minnesota",0.122795558
27105105500,"Census Tract 1055, Nobles County, Minnesota",0.122946176
27123031500,"Census Tract 315, Ramsey County, Minnesota",0.123091306
27017070200,"Census Tract 702, Carlton County, Minnesota",0.123216602
27087940300,"Census Tract 9403, Mahnomen County, Minnesota",0.123321123
27057070400,"Census Tract 704, Hubbard County, Minnesota",0.123332131
27037060105,"Census Tract 601.05, Dakota County, Minnesota",0.124365482
27115950800,"Census Tract 9508, Pine County, Minnesota",0.124614436
27027020600,"Census Tract 206, Clay County, Minnesota",0.124628345
27037060711,"Census Tract 607.11, Dakota County, Minnesota",0.124702317
27171100400,"Census Tract 1004, Wright County, Minnesota",0.124726912
27145010402,"Census Tract 104.02, Stearns County, Minnesota",0.12564291
27053024903,"Census Tract 249.03, Hennepin County, Minnesota",0.126144051
27129790300,"Census Tract 7903, Renville County, Minnesota",0.126873662
27169670400,"Census Tract 6704, Winona County, Minnesota",0.127043244
27009021200,"Census Tract 212, Benton County, Minnesota",0.127267138
27017070600,"Census Tract 706, Carlton County, Minnesota",0.128266747
27165950200,"Census Tract 9502, Watonwan County, Minnesota",0.128510447
27053006800,"Census Tract 68, Hennepin County, Minnesota",0.128679344
27111960300,"Census Tract 9603, Otter Tail County, Minnesota",0.1294629
27051070100,"Census Tract 701, Grant County, Minnesota",0.129773463
27145000500,"Census Tract 5, Stearns County, Minnesota",0.130662477
27027030107,"Census Tract 301.07, Clay County, Minnesota",0.130979499
27117460200,"Census Tract 4602, Pipestone County, Minnesota",0.131067961
27127750200,"Census Tract 7502, Redwood County, Minnesota",0.131640494
27033270200,"Census Tract 2702, Cottonwood County, Minnesota",0.131669535
27093560400,"Census Tract 5604, Meeker County, Minnesota",0.131679389
27013171600,"Census Tract 1716, Blue Earth County, Minnesota",0.133198278
27053020303,"Census Tract 203.03, Hennepin County, Minnesota",0.133294187
27061480600,"Census Tract 4806, Itasca County, Minnesota",0.133531157
27111961400,"Census Tract 9614, Otter Tail County, Minnesota",0.13372336
27053007801,"Census Tract 78.01, Hennepin County, Minnesota",0.134249471
27149480300,"Census Tract 4803, Stevens County, Minnesota",0.13430472
27053008400,"Census Tract 84, Hennepin County, Minnesota",0.134548003
27053020200,"Census Tract 202, Hennepin County, Minnesota",0.134890434
27127750400,"Census Tract 7504, Redwood County, Minnesota",0.135459534
27129790600,"Census Tract 7906, Renville County, Minnesota",0.135573123
27053009500,"Census Tract 95, Hennepin County, Minnesota",0.135745105
27037060502,"Census Tract 605.02, Dakota County, Minnesota",0.135799523
27065480100,"Census Tract 4801, Kanabec County, Minnesota",0.136457412
27053125500,"Census Tract 1255, Hennepin County, Minnesota",0.137177462
27123030704,"Census Tract 307.04, Ramsey County, Minnesota",0.137438643
27137003300,"Census Tract 33, St. Louis County, Minnesota",0.137469586
27093560600,"Census Tract 5606, Meeker County, Minnesota",0.137826962
27007450600,"Census Tract 4506, Beltrami County, Minnesota",0.138358008
27005940000,"Census Tract 9400, Becker County, Minnesota",0.13875969
27061940000,"Census Tract 9400, Itasca County, Minnesota",0.13911368
27021960301,"Census Tract 9603.01, Cass County, Minnesota",0.139278557
27015960102,"Census Tract 9601.02, Brown County, Minnesota",0.139734582
27115950500,"Census Tract 9505, Pine County, Minnesota",0.139737065
27171100202,"Census Tract 1002.02, Wright County, Minnesota",0.139911635
27053000102,"Census Tract 1.02, Hennepin County, Minnesota",0.140357409
27053026511,"Census Tract 265.11, Hennepin County, Minnesota",0.140665627
27057070600,"Census Tract 706, Hubbard County, Minnesota",0.141215107
27053101800,"Census Tract 1018, Hennepin County, Minnesota",0.141298959
27137011200,"Census Tract 112, St. Louis County, Minnesota",0.142095358
27053106200,"Census Tract 1062, Hennepin County, Minnesota",0.142398815
27053126000,"Census Tract 1260, Hennepin County, Minnesota",0.142665388
27139080100,"Census Tract 801, Scott County, Minnesota",0.142922584
27053104000,"Census Tract 1040, Hennepin County, Minnesota",0.143124415
27053026809,"Census Tract 268.09, Hennepin County, Minnesota",0.143323657
27053020500,"Census Tract 205, Hennepin County, Minnesota",0.143572621
27123041602,"Census Tract 416.02, Ramsey County, Minnesota",0.143660532
27115950400,"Census Tract 9504, Pine County, Minnesota",0.145053102
27143170300,"Census Tract 1703, Sibley County, Minnesota",0.145365169
27053020304,"Census Tract 203.04, Hennepin County, Minnesota",0.146221532
27041450600,"Census Tract 4506, Douglas County, Minnesota",0.146992153
27129790100,"Census Tract 7901, Renville County, Minnesota",0.147754137
27129790200,"Census Tract 7902, Renville County, Minnesota",0.148861646
27001770300,"Census Tract 7703, Aitkin County, Minnesota",0.149022043
27111961500,"Census Tract 9615, Otter Tail County, Minnesota",0.14929388
27053101600,"Census Tract 1016, Hennepin County, Minnesota",0.15
27053100400,"Census Tract 1004, Hennepin County, Minnesota",0.15
27035951000,"Census Tract 9510, Crow Wing County, Minnesota",0.150013763
27137000300,"Census Tract 3, St. Louis County, Minnesota",0.150604143
27003050501,"Census Tract 505.01, Anoka County, Minnesota",0.151111111
27013171202,"Census Tract 1712.02, Blue Earth County, Minnesota",0.153122901
27053106900,"Census Tract 1069, Hennepin County, Minnesota",0.153253012
27007940001,"Census Tract 9400.01, Beltrami County, Minnesota",0.153793691
27001770200,"Census Tract 7702, Aitkin County, Minnesota",0.154620311
27053125900,"Census Tract 1259, Hennepin County, Minnesota",0.156237049
27053008500,"Census Tract 85, Hennepin County, Minnesota",0.156652361
27053008200,"Census Tract 82, Hennepin County, Minnesota",0.156862745
27053022302,"Census Tract 223.02, Hennepin County, Minnesota",0.157203807
27053108600,"Census Tract 1086, Hennepin County, Minnesota",0.158263773
27111960900,"Census Tract 9609, Otter Tail County, Minnesota",0.158763611
27007940002,"Census Tract 9400.02, Beltrami County, Minnesota",0.158865248
27053026810,"Census Tract 268.10, Hennepin County, Minnesota",0.159465397
27155460200,"Census Tract 4602, Traverse County, Minnesota",0.160513644
27053106400,"Census Tract 1064, Hennepin County, Minnesota",0.160685592
27053105400,"Census Tract 1054, Hennepin County, Minnesota",0.162244124
27053105700,"Census Tract 1057, Hennepin County, Minnesota",0.162799544
27129790400,"Census Tract 7904, Renville County, Minnesota",0.163636364
27127750600,"Census Tract 7506, Redwood County, Minnesota",0.166073547
27053102800,"Census Tract 1028, Hennepin County, Minnesota",0.166866747
27053026818,"Census Tract 268.18, Hennepin County, Minnesota",0.167208452
27053020804,"Census Tract 208.04, Hennepin County, Minnesota",0.169662567
27053100800,"Census Tract 1008, Hennepin County, Minnesota",0.169845361
27137001300,"Census Tract 13, St. Louis County, Minnesota",0.171555064
27067780800,"Census Tract 7808, Kandiyohi County, Minnesota",0.174219537
27145010600,"Census Tract 106, Stearns County, Minnesota",0.174510303
27137001700,"Census Tract 17, St. Louis County, Minnesota",0.174574754
27145011301,"Census Tract 113.01, Stearns County, Minnesota",0.17526952
27017940000,"Census Tract 9400, Carlton County, Minnesota",0.178002894
27123031400,"Census Tract 314, Ramsey County, Minnesota",0.179663346
27129790500,"Census Tract 7905, Renville County, Minnesota",0.179680151
27047180800,"Census Tract 1808, Freeborn County, Minnesota",0.180172414
27053005902,"Census Tract 59.02, Hennepin County, Minnesota",0.180888575
27135970300,"Census Tract 9703, Roseau County, Minnesota",0.182857143
27123032500,"Census Tract 325, Ramsey County, Minnesota",0.184910486
27053102000,"Census Tract 1020, Hennepin County, Minnesota",0.186337625
27137001900,"Census Tract 19, St. Louis County, Minnesota",0.18662748
27037060805,"Census Tract 608.05, Dakota County, Minnesota",0.187865722
27053980000,"Census Tract 9800, Hennepin County, Minnesota",0.18852459
27053003200,"Census Tract 32, Hennepin County, Minnesota",0.193096009
27053005901,"Census Tract 59.01, Hennepin County, Minnesota",0.195575221
27123033500,"Census Tract 335, Ramsey County, Minnesota",0.201081359
27053125700,"Census Tract 1257, Hennepin County, Minnesota",0.201140065
27069090100,"Census Tract 901, Kittson County, Minnesota",0.203628118
27053026819,"Census Tract 268.19, Hennepin County, Minnesota",0.204436451
27123035900,"Census Tract 359, Ramsey County, Minnesota",0.20505992
27053021502,"Census Tract 215.02, Hennepin County, Minnesota",0.206444254
27053102300,"Census Tract 1023, Hennepin County, Minnesota",0.210889042
27053003800,"Census Tract 38, Hennepin County, Minnesota",0.211892311
27109000100,"Census Tract 1, Olmsted County, Minnesota",0.212209302
27105105400,"Census Tract 1054, Nobles County, Minnesota",0.220058626
27053125600,"Census Tract 1256, Hennepin County, Minnesota",0.237104338
27053100700,"Census Tract 1007, Hennepin County, Minnesota",0.253371869
27135970400,"Census Tract 9704, Roseau County, Minnesota",0.258709482
27123033700,"Census Tract 337, Ramsey County, Minnesota",0.263616558
27053106000,"Census Tract 1060, Hennepin County, Minnesota",0.273224044
27069090200,"Census Tract 902, Kittson County, Minnesota",0.275461741
27135970200,"Census Tract 9702, Roseau County, Minnesota",0.286694102
27053104800,"Census Tract 1048, Hennepin County, Minnesota",0.298644238
27077460400,"Census Tract 4604, Lake of the Woods County, Minnesota",0.305580558
27053104900,"Census Tract 1049, Hennepin County, Minnesota",0.326219012
27135970500,"Census Tract 9705, Roseau County, Minnesota",0.336790393
27135970100,"Census Tract 9701, Roseau County, Minnesota",0.359371162
27077460300,"Census Tract 4603, Lake of the Woods County, Minnesota",0.375571522
27053103900,"Census Tract 1039, Hennepin County, Minnesota",0.400317712